Period,Subsidiary,Transaction Number,Document Number,Reversal Of No.,Type,Name,Number,Display Name,Amount,Memo,Department,Class,Created By,Auto Approved JE
Feb-25,Chipmunk Robotics,JOURNAL97061,DOC-749715,,Journal,Pioneer Logistics,63000,63000 Marketing and Sales,5088,fee charged for Events,,Billable Expense,Ray Sang,Yes
Feb-25,Chipmunk Robotics,JOURNAL93021,DOC-428956,JE93020,Journal,Quantum Media,63000,63000 Marketing and Sales,2385,reimbursement for Travel,40100 Sales Management,Training Program,Ray Sang,No
Feb-25,Chipmunk Robotics,JOURNAL96308,DOC-474283,,Journal,Quantum Services,63000,63000 Marketing and Sales,8477,reimbursement for Campaign,49000 Enablement,Operational Expense,Ray Sang,No
Feb-25,Chipmunk Robotics,JOURNAL95745,DOC-778175,,Journal,Advanced Resources,63000,63000 Marketing and Sales,4263,allocation of Office Supplies,40100 Sales Management,Operational Expense,Ray Sang,Yes
Feb-25,Chipmunk Robotics,JOURNAL95750,DOC-940341,,Journal,Vertex Logistics,63000,63000 Marketing and Sales,9627,allocation of Client Entertainment,43500 Enterprise Sales - AMER,IT & Software,Ray Sang,Yes
Feb-25,Chipmunk Robotics,JOURNAL95747,DOC-272245,,Journal,Prime Media,63000,63000 Marketing and Sales,7793,purchase of Sponsorship,40100 Sales Management,Client Expense,Ray Sang,Yes
Feb-25,Chipmunk Robotics,JOURNAL97090,DOC-685013,,Journal,BlueSky Advisors,63000,63000 Marketing and Sales,4716,allocation of Training,40100 Sales Management,Training Program,Ray Sang,No
Feb-25,Chipmunk Robotics,JOURNAL97090,DOC-869874,,Journal,Elite Consulting,63000,63000 Marketing and Sales,5375,invoice for Campaign,40100 Sales Management,Internal Project,Ray Sang,No
Feb-25,Chipmunk Robotics,JOURNAL93963,DOC-150623,JE93962,Journal,Advanced Solutions,63000,63000 Marketing and Sales,2289,subscription to Sponsorship,40100 Sales Management,Research & Development,Ray Sang,No
Feb-25,Chipmunk Robotics,JOURNAL97090,DOC-396110,,Journal,Quantum Partners,63000,63000 Marketing and Sales,1264,allocation of Office Supplies,40100 Sales Management,Client Expense,Ray Sang,No
Feb-25,Chipmunk Robotics,JOURNAL95745,DOC-791130,,Journal,Vertex Logistics,63000,63000 Marketing and Sales,9048,allocation of Promotional Material,40100 Sales Management,Operational Expense,Ray Sang,Yes
Feb-25,Chipmunk Robotics,JOURNAL97090,DOC-363250,,Journal,Elite Marketing,63000,63000 Marketing and Sales,4869,settlement of Meals,40100 Sales Management,Client Expense,Ray Sang,No
Feb-25,Chipmunk Robotics,JOURNAL95094,DOC-553547,,Journal,Global Partners,63000,63000 Marketing and Sales,5937,reimbursement for Events,40100 Sales Management,Marketing Campaign,Ray Sang,No
Feb-25,Chipmunk Robotics,JOURNAL95094,DOC-567864,,Journal,NextGen Media,63000,63000 Marketing and Sales,8926,cost of Sponsorship,43500 Enterprise Sales - AMER,Travel & Lodging,Ray Sang,No
Feb-25,Chipmunk Robotics,JOURNAL95743,DOC-687945,,Journal,Vertex Marketing,63000,63000 Marketing and Sales,9904,allocation of Office Supplies,43500 Enterprise Sales - AMER,Marketing Campaign,Ray Sang,Yes
Feb-25,Chipmunk Robotics,JOURNAL95745,DOC-750552,,Journal,Quantum Systems,63000,63000 Marketing and Sales,7723,reimbursement for Travel,43500 Enterprise Sales - AMER,Operational Expense,Ray Sang,Yes
Feb-25,Chipmunk Robotics,JOURNAL95750,DOC-887771,,Journal,Vertex Marketing,63000,63000 Marketing and Sales,4076,reimbursement for Subscriptions,43500 Enterprise Sales - AMER,Professional Services,Ray Sang,Yes
Feb-25,Chipmunk Robotics,JOURNAL95751,DOC-268564,,Journal,Apex Technologies,63000,63000 Marketing and Sales,8175,payment related to Advertising,43500 Enterprise Sales - AMER,Client Expense,Ray Sang,Yes
Feb-25,Chipmunk Robotics,JOURNAL97090,DOC-195274,,Journal,Elite Technologies,63000,63000 Marketing and Sales,4301,invoice for Recruitment,40100 Sales Management,Internal Project,Ray Sang,No
Feb-25,Chipmunk Robotics,JOURNAL97090,DOC-994997,,Journal,Vertex Systems,63000,63000 Marketing and Sales,8548,cost of Office Supplies,40100 Sales Management,Billable Expense,Ray Sang,No
Feb-25,Chipmunk Robotics,JOURNAL95750,DOC-384153,,Journal,Infinity Technologies,63000,63000 Marketing and Sales,9808,cost of Recruitment,43500 Enterprise Sales - AMER,Office Expense,Ray Sang,Yes
Feb-25,Chipmunk Robotics,JOURNAL95745,DOC-887904,,Journal,Prime Technologies,63000,63000 Marketing and Sales,1864,subscription to Supplies,40100 Sales Management,Professional Services,Ray Sang,Yes
Feb-25,Chipmunk Robotics,JOURNAL95745,DOC-225825,,Journal,United Logistics,63000,63000 Marketing and Sales,2949,allocation of Promotional Material,40100 Sales Management,Operational Expense,Ray Sang,Yes
Feb-25,Chipmunk Robotics,JOURNAL96015,DOC-911740,,Journal,Apex Consulting,63000,63000 Marketing and Sales,1021,expense for Client Entertainment,40100 Sales Management,Training Program,Ray Sang,No
Feb-25,Chipmunk Robotics,JOURNAL97090,DOC-975653,,Journal,Vertex Resources,63000,63000 Marketing and Sales,3652,payment related to Supplies,40100 Sales Management,Office Expense,Ray Sang,No
Feb-25,Chipmunk Robotics,VENDBILL52165,DOC-870347,,Bill,Apex Group,63000,63000 Marketing and Sales,1996,fee charged for Sponsorship,40100 Sales Management,Client Expense,Ray Sang,
Feb-25,Chipmunk Robotics,VENDBILL52171,DOC-874961,,Bill,Prime Solutions,63000,63000 Marketing and Sales,9692,payment related to Subscriptions,40100 Sales Management,Office Expense,Ray Sang,
Feb-25,Chipmunk Robotics,CARDCHRG7138,DOC-940685,,Credit Card,Elite Systems,63000,63000 Marketing and Sales,6587,cost of Recruitment,40100 Sales Management,IT & Software,Ray Sang,
Feb-25,Chipmunk Robotics,VENDBILL52277,DOC-713716,,Bill,United Solutions,63000,63000 Marketing and Sales,2037,settlement of Travel,40100 Sales Management,Training Program,Ray Sang,
Feb-25,Chipmunk Robotics,CARDCHRG7211,DOC-200354,,Credit Card,Infinity Advisors,63000,63000 Marketing and Sales,1718,payment related to Events,40100 Sales Management,IT & Software,Ray Sang,
Feb-25,Chipmunk Robotics,VENDBILL52458,DOC-667031,,Bill,United Consulting,63000,63000 Marketing and Sales,1134,cost of Sponsorship,40100 Sales Management,Operational Expense,Ray Sang,
Feb-25,Chipmunk Robotics,CARDCHRG7273,DOC-196133,,Credit Card,BlueSky Technologies,63000,63000 Marketing and Sales,1740,expense for Client Entertainment,40100 Sales Management,Research & Development,Ray Sang,
Feb-25,Chipmunk Robotics,CARDCHRG7296,DOC-248225,,Credit Card,Vertex Systems,63000,63000 Marketing and Sales,4819,expense for Client Entertainment,40100 Sales Management,Research & Development,Ray Sang,
Feb-25,Chipmunk Robotics,CARDCHRG7314,DOC-634993,,Credit Card,Advanced Media,63000,63000 Marketing and Sales,8430,payment related to Travel,40100 Sales Management,Marketing Campaign,Ray Sang,
Feb-25,Chipmunk Robotics,CARDCHRG7315,DOC-159008,,Credit Card,Quantum Logistics,63000,63000 Marketing and Sales,6922,reimbursement for Promotional Material,40100 Sales Management,Research & Development,Ray Sang,
Feb-25,Chipmunk Robotics,VENDBILL52708,DOC-229185,,Bill,Infinity Media,63000,63000 Marketing and Sales,8374,payment related to Supplies,40100 Sales Management,Travel & Lodging,Ray Sang,
Feb-25,Chipmunk Robotics,VENDBILL52720,DOC-971208,,Bill,Pioneer Technologies,63000,63000 Marketing and Sales,6926,fee charged for Software,40100 Sales Management,Office Expense,Ray Sang,
Feb-25,Chipmunk Robotics,CARDCHRG7336,DOC-910267,,Credit Card,Apex Solutions,63000,63000 Marketing and Sales,5367,reimbursement for Supplies,40100 Sales Management,Billable Expense,Ray Sang,
Feb-25,Chipmunk Robotics,CARDCHRG7342,DOC-921928,,Credit Card,Quantum Systems,63000,63000 Marketing and Sales,6695,cost of Supplies,40100 Sales Management,Research & Development,Ray Sang,
Feb-25,Chipmunk Robotics,CARDCHRG7344,DOC-489955,,Credit Card,Vertex Marketing,63000,63000 Marketing and Sales,2656,settlement of Supplies,40100 Sales Management,Marketing Campaign,Ray Sang,
Feb-25,Chipmunk Robotics,CARDCHRG7346,DOC-993979,,Credit Card,Prime Marketing,63000,63000 Marketing and Sales,4202,expense for Supplies,40100 Sales Management,Professional Services,Ray Sang,
Feb-25,Chipmunk Robotics,CARDCHRG7348,DOC-530157,,Credit Card,BlueSky Technologies,63000,63000 Marketing and Sales,6874,invoice for Campaign,40100 Sales Management,Professional Services,Ray Sang,
Feb-25,Chipmunk Robotics,CARDCHRG7349,DOC-246173,,Credit Card,Quantum Resources,63000,63000 Marketing and Sales,7541,cost of Subscriptions,40100 Sales Management,Internal Project,Ray Sang,
Feb-25,Chipmunk Robotics,CARDCHRG7373,DOC-847884,,Credit Card,Elite Technologies,63000,63000 Marketing and Sales,5621,expense for Subscriptions,40100 Sales Management,Marketing Campaign,Ray Sang,
Feb-25,Chipmunk Robotics,CARDCHRG7377,DOC-807011,,Credit Card,Summit Marketing,63000,63000 Marketing and Sales,7852,payment related to Subscriptions,40100 Sales Management,Internal Project,Ray Sang,
Feb-25,Chipmunk Robotics,CARDCHRG7378,DOC-496786,,Credit Card,Prime Marketing,63000,63000 Marketing and Sales,6979,payment related to Travel,40100 Sales Management,Research & Development,Ray Sang,
Feb-25,Chipmunk Robotics,CARDCHRG7383,DOC-250365,,Credit Card,Advanced Partners,63000,63000 Marketing and Sales,6719,settlement of Advertising,40100 Sales Management,Marketing Campaign,Ray Sang,
Feb-25,Chipmunk Robotics,CARDCHRG7384,DOC-396999,,Credit Card,Quantum Systems,63000,63000 Marketing and Sales,6175,allocation of Meals,40100 Sales Management,Client Expense,Ray Sang,
Mar-25,Chipmunk Robotics,JOURNAL96309,DOC-267011,JE96308,Journal,Elite Marketing,63000,63000 Marketing and Sales,9218,purchase of Promotional Material,49000 Enablement,IT & Software,Ray Sang,No
Mar-25,Chipmunk Robotics,JOURNAL103536,DOC-746521,,Journal,NextGen Group,63000,63000 Marketing and Sales,4072,expense for Consulting,40100 Sales Management,Client Expense,Ray Sang,No
Mar-25,Chipmunk Robotics,JOURNAL104728,DOC-804018,,Journal,Vertex Consulting,63000,63000 Marketing and Sales,2178,settlement of Subscriptions,40100 Sales Management,Professional Services,Ray Sang,No
Mar-25,Chipmunk Robotics,JOURNAL97990,DOC-288196,,Journal,Elite Marketing,63000,63000 Marketing and Sales,1730,purchase of Training,43500 Enterprise Sales - AMER,Office Expense,Ray Sang,Yes
Mar-25,Chipmunk Robotics,JOURNAL97091,DOC-995770,JE97090,Journal,NextGen Advisors,63000,63000 Marketing and Sales,1847,fee charged for Sponsorship,40100 Sales Management,Client Expense,Ray Sang,No
Mar-25,Chipmunk Robotics,JOURNAL104730,DOC-391419,,Journal,Global Systems,63000,63000 Marketing and Sales,8340,invoice for Advertising,40100 Sales Management,Professional Services,Ray Sang,No
Mar-25,Chipmunk Robotics,JOURNAL97091,DOC-427068,JE97090,Journal,Summit Advisors,63000,63000 Marketing and Sales,5431,purchase of Recruitment,40100 Sales Management,Operational Expense,Ray Sang,No
Mar-25,Chipmunk Robotics,JOURNAL97091,DOC-171206,JE97090,Journal,Apex Marketing,63000,63000 Marketing and Sales,4078,fee charged for Campaign,40100 Sales Management,Client Expense,Ray Sang,No
Mar-25,Chipmunk Robotics,JOURNAL104728,DOC-876065,,Journal,Vertex Consulting,63000,63000 Marketing and Sales,9545,settlement of Office Supplies,40100 Sales Management,Client Expense,Ray Sang,No
Mar-25,Chipmunk Robotics,JOURNAL97091,DOC-134193,JE97090,Journal,Vertex Advisors,63000,63000 Marketing and Sales,8358,invoice for Events,40100 Sales Management,Travel & Lodging,Ray Sang,No
Mar-25,Chipmunk Robotics,JOURNAL97091,DOC-338550,JE97090,Journal,Pioneer Partners,63000,63000 Marketing and Sales,7176,settlement of Meals,40100 Sales Management,Research & Development,Ray Sang,No
Mar-25,Chipmunk Robotics,JOURNAL97091,DOC-651054,JE97090,Journal,United Solutions,63000,63000 Marketing and Sales,6965,subscription to Subscriptions,40100 Sales Management,Research & Development,Ray Sang,No
Mar-25,Chipmunk Robotics,JOURNAL104728,DOC-840496,,Journal,Apex Technologies,63000,63000 Marketing and Sales,1462,payment related to Subscriptions,40100 Sales Management,Office Expense,Ray Sang,No
Mar-25,Chipmunk Robotics,JOURNAL104728,DOC-490471,,Journal,Advanced Marketing,63000,63000 Marketing and Sales,9389,expense for Sponsorship,40100 Sales Management,Billable Expense,Ray Sang,No
Mar-25,Chipmunk Robotics,JOURNAL96016,DOC-966034,JE96015,Journal,United Logistics,63000,63000 Marketing and Sales,2307,allocation of Software,40100 Sales Management,Travel & Lodging,Ray Sang,No
Mar-25,Chipmunk Robotics,JOURNAL97091,DOC-850644,JE97090,Journal,Global Logistics,63000,63000 Marketing and Sales,4316,expense for Campaign,40100 Sales Management,Client Expense,Ray Sang,No
Mar-25,Chipmunk Robotics,CARDCHRG7419,DOC-619115,,Credit Card,BlueSky Advisors,63000,63000 Marketing and Sales,1205,invoice for Promotional Material,49000 Enablement,Travel & Lodging,Ray Sang,
Mar-25,Chipmunk Robotics,VENDBILL52895,DOC-529738,,Bill,Quantum Consulting,63000,63000 Marketing and Sales,6656,invoice for Advertising,40100 Sales Management,Billable Expense,Ray Sang,
Mar-25,Chipmunk Robotics,CARDCHRG7479,DOC-744067,,Credit Card,United Group,63000,63000 Marketing and Sales,2156,fee charged for Training,40100 Sales Management,Travel & Lodging,Ray Sang,
Mar-25,Chipmunk Robotics,VENDBILL52930,DOC-936250,,Bill,Prime Media,63000,63000 Marketing and Sales,6045,settlement of Travel,40100 Sales Management,Internal Project,Ray Sang,
Mar-25,Chipmunk Robotics,VENDBILL52930,DOC-889034,,Bill,Infinity Advisors,63000,63000 Marketing and Sales,3958,subscription to Sponsorship,40100 Sales Management,Travel & Lodging,Ray Sang,
Mar-25,Chipmunk Robotics,VENDBILL52997,DOC-201888,,Bill,United Media,63000,63000 Marketing and Sales,4429,purchase of Training,40100 Sales Management,Professional Services,Ray Sang,
Mar-25,Chipmunk Robotics,VENDBILL53024,DOC-675713,,Bill,Prime Marketing,63000,63000 Marketing and Sales,1252,settlement of Meals,40100 Sales Management,Research & Development,Ray Sang,
Mar-25,Chipmunk Robotics,CARDCHRG7538,DOC-645570,,Credit Card,Prime Advisors,63000,63000 Marketing and Sales,9618,settlement of Client Entertainment,40100 Sales Management,Travel & Lodging,Ray Sang,
Mar-25,Chipmunk Robotics,CARDCHRG7540,DOC-342884,,Credit Card,Apex Partners,63000,63000 Marketing and Sales,6854,allocation of Supplies,40100 Sales Management,Operational Expense,Ray Sang,
Mar-25,Chipmunk Robotics,VENDBILL53052,DOC-661247,,Bill,Infinity Partners,63000,63000 Marketing and Sales,4906,fee charged for Recruitment,40100 Sales Management,Office Expense,Ray Sang,
Mar-25,Chipmunk Robotics,VENDBILL53053,DOC-709905,,Bill,United Group,63000,63000 Marketing and Sales,2378,expense for Meals,40100 Sales Management,Research & Development,Ray Sang,
Mar-25,Chipmunk Robotics,VENDBILL53057,DOC-159830,,Bill,Global Solutions,63000,63000 Marketing and Sales,3029,expense for Subscriptions,40100 Sales Management,Training Program,Ray Sang,
Mar-25,Chipmunk Robotics,VENDBILL53233,DOC-733139,,Bill,BlueSky Services,63000,63000 Marketing and Sales,2654,fee charged for Sponsorship,40100 Sales Management,Client Expense,Ray Sang,
Mar-25,Chipmunk Robotics,CARDCHRG7704,DOC-288881,,Credit Card,Prime Advisors,63000,63000 Marketing and Sales,9913,invoice for Software,40100 Sales Management,Training Program,Ray Sang,
Mar-25,Chipmunk Robotics,CARDCHRG7711,DOC-227732,,Credit Card,NextGen Partners,63000,63000 Marketing and Sales,4980,allocation of Office Supplies,40100 Sales Management,Office Expense,Ray Sang,
Mar-25,Chipmunk Robotics,CARDCHRG7715,DOC-403817,,Credit Card,Summit Partners,63000,63000 Marketing and Sales,7834,cost of Consulting,40100 Sales Management,Billable Expense,Ray Sang,
Mar-25,Chipmunk Robotics,CARDCHRG7721,DOC-197397,,Credit Card,Summit Consulting,63000,63000 Marketing and Sales,9494,payment related to Subscriptions,43500 Enterprise Sales - AMER,Research & Development,Ray Sang,
Mar-25,Chipmunk Robotics,CARDCHRG7723,DOC-349094,,Credit Card,Advanced Systems,63000,63000 Marketing and Sales,7820,reimbursement for Events,40100 Sales Management,IT & Software,Ray Sang,
Mar-25,Chipmunk Robotics,VENDBILL53473,DOC-122394,,Bill,United Services,63000,63000 Marketing and Sales,5612,fee charged for Sponsorship,40100 Sales Management,Training Program,Ray Sang,
Mar-25,Chipmunk Robotics,CARDCHRG7759,DOC-950114,,Credit Card,Global Marketing,63000,63000 Marketing and Sales,4229,subscription to Recruitment,40100 Sales Management,Internal Project,Ray Sang,
Mar-25,Chipmunk Robotics,JOURNAL104728,DOC-583615,,Journal,United Advisors,63000,63000 Marketing and Sales,2678,invoice for Travel,40100 Sales Management,Office Expense,Ray Sang,No
Mar-25,Chipmunk Robotics,JOURNAL104728,DOC-122690,,Journal,Dynamic Logistics,63000,63000 Marketing and Sales,5008,invoice for Software,40100 Sales Management,Travel & Lodging,Ray Sang,No
Mar-25,Chipmunk Robotics,JOURNAL104728,DOC-508472,,Journal,BlueSky Marketing,63000,63000 Marketing and Sales,1152,subscription to Client Entertainment,40100 Sales Management,Professional Services,Ray Sang,No
Mar-25,Chipmunk Robotics,JOURNAL104728,DOC-782606,,Journal,United Resources,63000,63000 Marketing and Sales,6836,subscription to Campaign,40100 Sales Management,Client Expense,Ray Sang,No
Apr-25,Chipmunk Robotics,JOURNAL111922,DOC-929196,,Journal,Summit Consulting,63000,63000 Marketing and Sales,2570,allocation of Supplies,43500 Enterprise Sales - AMER,Client Expense,Ray Sang,No
Apr-25,Chipmunk Robotics,JOURNAL111924,DOC-660461,,Journal,Vertex Advisors,63000,63000 Marketing and Sales,7920,payment related to Events,43500 Enterprise Sales - AMER,Training Program,Ray Sang,No
Apr-25,Chipmunk Robotics,JOURNAL103537,DOC-260059,JE103536,Journal,BlueSky Systems,63000,63000 Marketing and Sales,9337,allocation of Recruitment,40100 Sales Management,Research & Development,Ray Sang,No
Apr-25,Chipmunk Robotics,JOURNAL110843,DOC-146558,,Journal,Summit Advisors,63000,63000 Marketing and Sales,7369,reimbursement for Consulting,43300 Cloud Sales,Office Expense,Ray Sang,No
Apr-25,Chipmunk Robotics,JOURNAL110843,DOC-345005,,Journal,Advanced Group,63000,63000 Marketing and Sales,9931,invoice for Travel,43500 Enterprise Sales - AMER,Client Expense,Ray Sang,No
Apr-25,Chipmunk Robotics,JOURNAL104729,DOC-808469,JE104728,Journal,Summit Partners,63000,63000 Marketing and Sales,3790,allocation of Meals,40100 Sales Management,Travel & Lodging,Ray Sang,No
Apr-25,Chipmunk Robotics,JOURNAL105057,DOC-990577,,Journal,Vertex Services,63000,63000 Marketing and Sales,2480,subscription to Travel,43500 Enterprise Sales - AMER,Professional Services,Ray Sang,Yes
Apr-25,Chipmunk Robotics,JOURNAL111928,DOC-577383,,Journal,Vertex Media,63000,63000 Marketing and Sales,6195,payment related to Events,13200 MDR,Professional Services,Ray Sang,No
Apr-25,Chipmunk Robotics,JOURNAL104731,DOC-400007,JE104730,Journal,Vertex Resources,63000,63000 Marketing and Sales,2267,cost of Consulting,40100 Sales Management,Operational Expense,Ray Sang,No
Apr-25,Chipmunk Robotics,JOURNAL104729,DOC-488980,JE104728,Journal,Pioneer Technologies,63000,63000 Marketing and Sales,4009,allocation of Promotional Material,40100 Sales Management,Operational Expense,Ray Sang,No
Apr-25,Chipmunk Robotics,CUSTINVC99918,DOC-797771,,Invoice,Pioneer Group,63000,63000 Marketing and Sales,7156,allocation of Subscriptions,,Operational Expense,Ray Sang,
Apr-25,Chipmunk Robotics,JOURNAL104729,DOC-426898,JE104728,Journal,Pioneer Consulting,63000,63000 Marketing and Sales,8204,subscription to Sponsorship,40100 Sales Management,Internal Project,Ray Sang,No
Apr-25,Chipmunk Robotics,JOURNAL104729,DOC-547004,JE104728,Journal,Infinity Resources,63000,63000 Marketing and Sales,5900,reimbursement for Sponsorship,40100 Sales Management,Training Program,Ray Sang,No
Apr-25,Chipmunk Robotics,JOURNAL111926,DOC-993107,,Journal,Apex Services,63000,63000 Marketing and Sales,7701,payment related to Events,40100 Sales Management,Research & Development,Ray Sang,No
Apr-25,Chipmunk Robotics,CARDCHRG7865,DOC-389872,,Credit Card,Pioneer Group,63000,63000 Marketing and Sales,8544,subscription to Client Entertainment,40100 Sales Management,Client Expense,Ray Sang,
Apr-25,Chipmunk Robotics,CARDCHRG7872,DOC-726247,,Credit Card,Apex Partners,63000,63000 Marketing and Sales,7540,subscription to Training,40100 Sales Management,Internal Project,Ray Sang,
Apr-25,Chipmunk Robotics,CARDCHRG7916,DOC-100357,,Credit Card,Vertex Systems,63000,63000 Marketing and Sales,1241,reimbursement for Events,43500 Enterprise Sales - AMER,Research & Development,Ray Sang,
Apr-25,Chipmunk Robotics,CARDCHRG7945,DOC-264864,,Credit Card,Pioneer Partners,63000,63000 Marketing and Sales,5247,cost of Subscriptions,43500 Enterprise Sales - AMER,IT & Software,Ray Sang,
Apr-25,Chipmunk Robotics,CARDCHRG7946,DOC-660949,,Credit Card,Advanced Consulting,63000,63000 Marketing and Sales,5410,subscription to Subscriptions,43500 Enterprise Sales - AMER,Office Expense,Ray Sang,
Apr-25,Chipmunk Robotics,CARDCHRG7947,DOC-560979,,Credit Card,Dynamic Systems,63000,63000 Marketing and Sales,2840,settlement of Campaign,43500 Enterprise Sales - AMER,Marketing Campaign,Ray Sang,
Apr-25,Chipmunk Robotics,CARDCHRG7971,DOC-271324,,Credit Card,Dynamic Consulting,63000,63000 Marketing and Sales,9849,allocation of Sponsorship,43500 Enterprise Sales - AMER,Travel & Lodging,Ray Sang,
Apr-25,Chipmunk Robotics,CARDCHRG7977,DOC-647541,,Credit Card,United Marketing,63000,63000 Marketing and Sales,8425,settlement of Campaign,43500 Enterprise Sales - AMER,Internal Project,Ray Sang,
Apr-25,Chipmunk Robotics,CARDCHRG7995,DOC-891290,,Credit Card,Prime Consulting,63000,63000 Marketing and Sales,8417,purchase of Travel,43500 Enterprise Sales - AMER,Office Expense,Ray Sang,
Apr-25,Chipmunk Robotics,VENDBILL53996,DOC-762671,,Bill,Prime Technologies,63000,63000 Marketing and Sales,1488,subscription to Subscriptions,40100 Sales Management,Office Expense,Ray Sang,
Apr-25,Chipmunk Robotics,JOURNAL104729,DOC-422505,JE104728,Journal,Advanced Services,63000,63000 Marketing and Sales,7211,expense for Consulting,40100 Sales Management,Marketing Campaign,Ray Sang,No
Apr-25,Chipmunk Robotics,JOURNAL104729,DOC-996350,JE104728,Journal,Vertex Consulting,63000,63000 Marketing and Sales,3322,purchase of Supplies,40100 Sales Management,Internal Project,Ray Sang,No
Apr-25,Chipmunk Robotics,JOURNAL104729,DOC-988941,JE104728,Journal,Pioneer Partners,63000,63000 Marketing and Sales,2500,subscription to Advertising,40100 Sales Management,IT & Software,Ray Sang,No
Apr-25,Chipmunk Robotics,JOURNAL104729,DOC-931718,JE104728,Journal,Advanced Partners,63000,63000 Marketing and Sales,9085,cost of Supplies,40100 Sales Management,Operational Expense,Ray Sang,No
Apr-25,Chipmunk Robotics,CARDCHRG8017,DOC-591935,,Credit Card,United Group,63000,63000 Marketing and Sales,6861,settlement of Promotional Material,43500 Enterprise Sales - AMER,Marketing Campaign,Ray Sang,
Apr-25,Chipmunk Robotics,CARDCHRG8023,DOC-449154,,Credit Card,Summit Group,63000,63000 Marketing and Sales,5629,subscription to Supplies,43500 Enterprise Sales - AMER,Research & Development,Ray Sang,
Apr-25,Chipmunk Robotics,CARDCHRG8024,DOC-340986,,Credit Card,Vertex Marketing,63000,63000 Marketing and Sales,5786,settlement of Meals,43500 Enterprise Sales - AMER,Billable Expense,Ray Sang,
Apr-25,Chipmunk Robotics,CARDCHRG8025,DOC-835817,,Credit Card,Dynamic Logistics,63000,63000 Marketing and Sales,4133,fee charged for Sponsorship,43500 Enterprise Sales - AMER,Operational Expense,Ray Sang,
Apr-25,Chipmunk Robotics,VENDBILL54024,DOC-118201,,Bill,Global Marketing,63000,63000 Marketing and Sales,1260,reimbursement for Software,40100 Sales Management,Travel & Lodging,Ray Sang,
Apr-25,Chipmunk Robotics,CARDCHRG8038,DOC-439586,,Credit Card,BlueSky Media,63000,63000 Marketing and Sales,9719,reimbursement for Supplies,43500 Enterprise Sales - AMER,Training Program,Ray Sang,
Apr-25,Chipmunk Robotics,CARDCHRG8043,DOC-190009,,Credit Card,Prime Technologies,63000,63000 Marketing and Sales,2356,invoice for Client Entertainment,42000 Channel Sales,Research & Development,Ray Sang,
Apr-25,Chipmunk Robotics,CARDCHRG8057,DOC-750574,,Credit Card,Vertex Marketing,63000,63000 Marketing and Sales,4796,subscription to Meals,42000 Channel Sales,Billable Expense,Ray Sang,
Apr-25,Chipmunk Robotics,CARDCHRG8058,DOC-159428,,Credit Card,Apex Marketing,63000,63000 Marketing and Sales,1023,reimbursement for Training,43500 Enterprise Sales - AMER,Internal Project,Ray Sang,
Apr-25,Chipmunk Robotics,CARDCHRG8070,DOC-388688,,Credit Card,Quantum Media,63000,63000 Marketing and Sales,1195,expense for Office Supplies,43500 Enterprise Sales - AMER,Training Program,Ray Sang,
Apr-25,Chipmunk Robotics,CARDCHRG8071,DOC-344757,,Credit Card,NextGen Technologies,63000,63000 Marketing and Sales,9354,purchase of Software,43500 Enterprise Sales - AMER,Travel & Lodging,Ray Sang,
Apr-25,Chipmunk Robotics,CARDCHRG8090,DOC-215485,,Credit Card,Advanced Media,63000,63000 Marketing and Sales,2652,subscription to Sponsorship,46300 Solution Engineering - AMER,Internal Project,Ray Sang,
Apr-25,Chipmunk Robotics,CARDCHRG8091,DOC-601563,,Credit Card,Apex Consulting,63000,63000 Marketing and Sales,2442,allocation of Consulting,42000 Channel Sales,Office Expense,Ray Sang,
Apr-25,Chipmunk Robotics,CARDRFND198,DOC-403749,,CCard Refund,United Group,63000,63000 Marketing and Sales,9090,subscription to Supplies,43500 Enterprise Sales - AMER,Internal Project,Ray Sang,
Apr-25,Chipmunk Robotics,CARDCHRG8107,DOC-717476,,Credit Card,Apex Group,63000,63000 Marketing and Sales,1106,reimbursement for Sponsorship,40100 Sales Management,Marketing Campaign,Ray Sang,
Apr-25,Chipmunk Robotics,CARDCHRG8126,DOC-686352,,Credit Card,NextGen Partners,63000,63000 Marketing and Sales,9759,reimbursement for Recruitment,42000 Channel Sales,Travel & Lodging,Ray Sang,
Apr-25,Chipmunk Robotics,CARDCHRG8129,DOC-683146,,Credit Card,United Advisors,63000,63000 Marketing and Sales,9848,settlement of Travel,40100 Sales Management,Client Expense,Ray Sang,
Apr-25,Chipmunk Robotics,CARDCHRG8156,DOC-356164,,Credit Card,Summit Resources,63000,63000 Marketing and Sales,9603,expense for Events,40100 Sales Management,Travel & Lodging,Ray Sang,
Apr-25,Chipmunk Robotics,CARDCHRG8163,DOC-731325,,Credit Card,Apex Solutions,63000,63000 Marketing and Sales,3696,subscription to Advertising,42000 Channel Sales,Client Expense,Ray Sang,
Apr-25,Chipmunk Robotics,JOURNAL107930,DOC-568002,,Journal,Quantum Systems,63000,63000 Marketing and Sales,2584,invoice for Subscriptions,40100 Sales Management,Billable Expense,Ray Sang,No
Apr-25,Chipmunk Robotics,CARDCHRG8215,DOC-249554,,Credit Card,Global Advisors,63000,63000 Marketing and Sales,9867,reimbursement for Recruitment,42000 Channel Sales,Internal Project,Ray Sang,
Apr-25,Chipmunk Robotics,VENDBILL54389,DOC-155420,,Bill,BlueSky Solutions,63000,63000 Marketing and Sales,3509,allocation of Meals,40100 Sales Management,Research & Development,Ray Sang,
Apr-25,Chipmunk Robotics,VENDBILL54389,DOC-432963,,Bill,United Services,63000,63000 Marketing and Sales,3656,subscription to Subscriptions,40100 Sales Management,Billable Expense,Ray Sang,
Apr-25,Chipmunk Robotics,CARDCHRG8247,DOC-447343,,Credit Card,Summit Resources,63000,63000 Marketing and Sales,6815,settlement of Travel,43500 Enterprise Sales - AMER,Marketing Campaign,Ray Sang,
Apr-25,Chipmunk Robotics,VENDBILL54451,DOC-191823,,Bill,Global Group,63000,63000 Marketing and Sales,4767,reimbursement for Travel,40100 Sales Management,Travel & Lodging,Ray Sang,
Apr-25,Chipmunk Robotics,VENDBILL54451,DOC-586922,,Bill,Prime Logistics,63000,63000 Marketing and Sales,1489,allocation of Sponsorship,40100 Sales Management,Office Expense,Ray Sang,
Apr-25,Chipmunk Robotics,CARDCHRG8258,DOC-940576,,Credit Card,BlueSky Advisors,63000,63000 Marketing and Sales,4936,payment related to Subscriptions,42000 Channel Sales,Office Expense,Ray Sang,
Apr-25,Chipmunk Robotics,CARDCHRG8260,DOC-942608,,Credit Card,Advanced Advisors,63000,63000 Marketing and Sales,7297,purchase of Client Entertainment,43500 Enterprise Sales - AMER,Internal Project,Ray Sang,
Apr-25,Chipmunk Robotics,CARDCHRG8274,DOC-261763,,Credit Card,Vertex Services,63000,63000 Marketing and Sales,9711,reimbursement for Office Supplies,42000 Channel Sales,Professional Services,Ray Sang,
Apr-25,Chipmunk Robotics,CARDCHRG8287,DOC-568892,,Credit Card,Infinity Solutions,63000,63000 Marketing and Sales,9619,fee charged for Travel,42000 Channel Sales,Client Expense,Ray Sang,
Apr-25,Chipmunk Robotics,CARDCHRG8295,DOC-565970,,Credit Card,Apex Technologies,63000,63000 Marketing and Sales,2623,subscription to Sponsorship,43300 Cloud Sales,Billable Expense,Ray Sang,
Apr-25,Chipmunk Robotics,JOURNAL110560,DOC-214973,,Journal,United Media,63000,63000 Marketing and Sales,3025,invoice for Training,,IT & Software,Ray Sang,No
May-25,Chipmunk Robotics,JOURNAL111923,DOC-842917,JE111922,Journal,Elite Advisors,63000,63000 Marketing and Sales,7193,settlement of Consulting,43500 Enterprise Sales - AMER,Client Expense,Ray Sang,No
May-25,Chipmunk Robotics,JOURNAL111925,DOC-888340,JE111924,Journal,NextGen Marketing,63000,63000 Marketing and Sales,2933,settlement of Campaign,43500 Enterprise Sales - AMER,Operational Expense,Ray Sang,No
May-25,Chipmunk Robotics,JOURNAL110844,DOC-773696,JE110843,Journal,Vertex Solutions,63000,63000 Marketing and Sales,9325,payment related to Client Entertainment,43300 Cloud Sales,Office Expense,Ray Sang,No
May-25,Chipmunk Robotics,JOURNAL110844,DOC-238673,JE110843,Journal,Global Resources,63000,63000 Marketing and Sales,7427,fee charged for Software,43500 Enterprise Sales - AMER,IT & Software,Ray Sang,No
May-25,Chipmunk Robotics,JOURNAL117703,DOC-204736,,Journal,Global Services,63000,63000 Marketing and Sales,9742,purchase of Consulting,43500 Enterprise Sales - AMER,Office Expense,Ray Sang,No
May-25,Chipmunk Robotics,JOURNAL117703,DOC-667366,,Journal,Apex Systems,63000,63000 Marketing and Sales,3715,invoice for Events,40100 Sales Management,Marketing Campaign,Ray Sang,No
May-25,Chipmunk Robotics,JOURNAL117703,DOC-239699,,Journal,BlueSky Logistics,63000,63000 Marketing and Sales,6101,expense for Promotional Material,42000 Channel Sales,Marketing Campaign,Ray Sang,No
May-25,Chipmunk Robotics,JOURNAL114305,DOC-259792,,Journal,Dynamic Media,63000,63000 Marketing and Sales,9120,payment related to Promotional Material,40100 Sales Management,Operational Expense,Ray Sang,Yes
May-25,Chipmunk Robotics,JOURNAL114307,DOC-700089,,Journal,Global Consulting,63000,63000 Marketing and Sales,6987,invoice for Recruitment,40100 Sales Management,Professional Services,Ray Sang,Yes
May-25,Chipmunk Robotics,JOURNAL114307,DOC-314811,,Journal,Dynamic Services,63000,63000 Marketing and Sales,8260,payment related to Subscriptions,40100 Sales Management,Internal Project,Ray Sang,Yes
May-25,Chipmunk Robotics,JOURNAL118184,DOC-349667,,Journal,Elite Partners,63000,63000 Marketing and Sales,3943,subscription to Promotional Material,40100 Sales Management,Billable Expense,Ray Sang,No
May-25,Chipmunk Robotics,JOURNAL118184,DOC-964273,,Journal,Quantum Media,63000,63000 Marketing and Sales,3599,subscription to Travel,40100 Sales Management,Operational Expense,Ray Sang,No
May-25,Chipmunk Robotics,JOURNAL118184,DOC-269186,,Journal,Elite Marketing,63000,63000 Marketing and Sales,9579,allocation of Consulting,40100 Sales Management,Research & Development,Ray Sang,No
May-25,Chipmunk Robotics,JOURNAL118184,DOC-756806,,Journal,Prime Media,63000,63000 Marketing and Sales,8374,expense for Supplies,40100 Sales Management,Operational Expense,Ray Sang,No
May-25,Chipmunk Robotics,JOURNAL114310,DOC-338096,,Journal,Elite Resources,63000,63000 Marketing and Sales,7940,payment related to Office Supplies,43500 Enterprise Sales - AMER,Marketing Campaign,Ray Sang,Yes
May-25,Chipmunk Robotics,JOURNAL111929,DOC-422560,JE111928,Journal,Global Services,63000,63000 Marketing and Sales,8401,purchase of Recruitment,13200 MDR,Billable Expense,Ray Sang,No
May-25,Chipmunk Robotics,JOURNAL118184,DOC-846712,,Journal,United Group,63000,63000 Marketing and Sales,4884,fee charged for Meals,13200 MDR,Travel & Lodging,Ray Sang,No
May-25,Chipmunk Robotics,JOURNAL114307,DOC-252246,,Journal,Elite Group,63000,63000 Marketing and Sales,7255,fee charged for Client Entertainment,40100 Sales Management,Marketing Campaign,Ray Sang,Yes
May-25,Chipmunk Robotics,JOURNAL114309,DOC-752341,,Journal,Elite Logistics,63000,63000 Marketing and Sales,8559,allocation of Sponsorship,40100 Sales Management,Travel & Lodging,Ray Sang,Yes
May-25,Chipmunk Robotics,JOURNAL114309,DOC-430941,,Journal,Vertex Services,63000,63000 Marketing and Sales,7320,purchase of Subscriptions,40100 Sales Management,Office Expense,Ray Sang,Yes
May-25,Chipmunk Robotics,JOURNAL114310,DOC-769779,,Journal,Summit Technologies,63000,63000 Marketing and Sales,1913,settlement of Travel,40100 Sales Management,Office Expense,Ray Sang,Yes
May-25,Chipmunk Robotics,JOURNAL114311,DOC-245640,,Journal,NextGen Partners,63000,63000 Marketing and Sales,2623,reimbursement for Supplies,40100 Sales Management,Operational Expense,Ray Sang,Yes
May-25,Chipmunk Robotics,JOURNAL118493,DOC-924787,,Journal,Elite Marketing,63000,63000 Marketing and Sales,1356,purchase of Office Supplies,,IT & Software,Ray Sang,Yes
May-25,Chipmunk Robotics,JOURNAL118189,DOC-541289,,Journal,Infinity Group,63000,63000 Marketing and Sales,1692,fee charged for Advertising,40100 Sales Management,Marketing Campaign,Ray Sang,No
May-25,Chipmunk Robotics,JOURNAL118184,DOC-229356,,Journal,United Media,63000,63000 Marketing and Sales,3244,fee charged for Advertising,40100 Sales Management,Billable Expense,Ray Sang,No
May-25,Chipmunk Robotics,JOURNAL111927,DOC-829070,JE111926,Journal,Elite Systems,63000,63000 Marketing and Sales,7835,purchase of Advertising,40100 Sales Management,Professional Services,Ray Sang,No
May-25,Chipmunk Robotics,JOURNAL118187,DOC-505086,,Journal,Advanced Partners,63000,63000 Marketing and Sales,9570,reimbursement for Sponsorship,40100 Sales Management,Internal Project,Ray Sang,No
May-25,Chipmunk Robotics,VENDBILL54532,DOC-987826,,Bill,Vertex Media,63000,63000 Marketing and Sales,6472,invoice for Travel,40100 Sales Management,Travel & Lodging,Ray Sang,
May-25,Chipmunk Robotics,CARDCHRG8349,DOC-399922,,Credit Card,Advanced Group,63000,63000 Marketing and Sales,6219,allocation of Travel,43500 Enterprise Sales - AMER,Office Expense,Ray Sang,
May-25,Chipmunk Robotics,CARDCHRG8366,DOC-133477,,Credit Card,Dynamic Technologies,63000,63000 Marketing and Sales,1592,purchase of Recruitment,43300 Cloud Sales,Office Expense,Ray Sang,
May-25,Chipmunk Robotics,CARDCHRG8386,DOC-620700,,Credit Card,Vertex Systems,63000,63000 Marketing and Sales,9271,payment related to Supplies,43600 Enterprise Sales - EMEA,Travel & Lodging,Ray Sang,
May-25,Chipmunk Robotics,CARDCHRG8389,DOC-868292,,Credit Card,NextGen Technologies,63000,63000 Marketing and Sales,8879,reimbursement for Office Supplies,43600 Enterprise Sales - EMEA,Training Program,Ray Sang,
May-25,Chipmunk Robotics,CARDCHRG8399,DOC-912458,,Credit Card,United Services,63000,63000 Marketing and Sales,9141,cost of Client Entertainment,42000 Channel Sales,Client Expense,Ray Sang,
May-25,Chipmunk Robotics,CARDCHRG8414,DOC-319209,,Credit Card,NextGen Resources,63000,63000 Marketing and Sales,1569,settlement of Campaign,42000 Channel Sales,Operational Expense,Ray Sang,
May-25,Chipmunk Robotics,CARDCHRG8426,DOC-574624,,Credit Card,Elite Advisors,63000,63000 Marketing and Sales,8211,expense for Supplies,43500 Enterprise Sales - AMER,Client Expense,Ray Sang,
May-25,Chipmunk Robotics,CARDCHRG8436,DOC-415239,,Credit Card,Apex Group,63000,63000 Marketing and Sales,1710,allocation of Travel,43500 Enterprise Sales - AMER,Internal Project,Ray Sang,
May-25,Chipmunk Robotics,VENDBILL54814,DOC-791684,,Bill,Prime Media,63000,63000 Marketing and Sales,7765,cost of Sponsorship,43500 Enterprise Sales - AMER,IT & Software,Ray Sang,
May-25,Chipmunk Robotics,VENDBILL54836,DOC-571130,,Bill,Pioneer Consulting,63000,63000 Marketing and Sales,7091,fee charged for Meals,43500 Enterprise Sales - AMER,Client Expense,Ray Sang,
May-25,Chipmunk Robotics,VENDBILL54870,DOC-597189,,Bill,BlueSky Partners,63000,63000 Marketing and Sales,1745,settlement of Campaign,40100 Sales Management,Office Expense,Ray Sang,
May-25,Chipmunk Robotics,VENDBILL54907,DOC-666204,,Bill,Summit Partners,63000,63000 Marketing and Sales,7985,cost of Software,43600 Enterprise Sales - EMEA,IT & Software,Ray Sang,
May-25,Chipmunk Robotics,VENDBILL54907,DOC-171517,,Bill,NextGen Logistics,63000,63000 Marketing and Sales,5084,purchase of Consulting,43600 Enterprise Sales - EMEA,IT & Software,Ray Sang,
May-25,Chipmunk Robotics,VENDBILL54907,DOC-206314,,Bill,Prime Systems,63000,63000 Marketing and Sales,9767,purchase of Travel,43600 Enterprise Sales - EMEA,IT & Software,Ray Sang,
May-25,Chipmunk Robotics,CARDCHRG8502,DOC-240118,,Credit Card,United Technologies,63000,63000 Marketing and Sales,7132,payment related to Recruitment,42000 Channel Sales,Training Program,Ray Sang,
May-25,Chipmunk Robotics,VENDBILL54946,DOC-996240,,Bill,Prime Services,63000,63000 Marketing and Sales,1921,cost of Office Supplies,40100 Sales Management,Office Expense,Ray Sang,
May-25,Chipmunk Robotics,VENDBILL54951,DOC-480341,,Bill,Infinity Marketing,63000,63000 Marketing and Sales,7114,purchase of Training,43500 Enterprise Sales - AMER,Training Program,Ray Sang,
May-25,Chipmunk Robotics,CARDCHRG8535,DOC-524137,,Credit Card,Quantum Solutions,63000,63000 Marketing and Sales,9736,invoice for Consulting,43300 Cloud Sales,Travel & Lodging,Ray Sang,
May-25,Chipmunk Robotics,CARDCHRG8538,DOC-495997,,Credit Card,Prime Group,63000,63000 Marketing and Sales,7198,purchase of Promotional Material,43500 Enterprise Sales - AMER,Internal Project,Ray Sang,
May-25,Chipmunk Robotics,CARDCHRG8551,DOC-677346,,Credit Card,BlueSky Group,63000,63000 Marketing and Sales,6134,reimbursement for Advertising,46300 Solution Engineering - AMER,Research & Development,Ray Sang,
May-25,Chipmunk Robotics,CARDCHRG8562,DOC-175496,,Credit Card,Dynamic Consulting,63000,63000 Marketing and Sales,3979,reimbursement for Promotional Material,43500 Enterprise Sales - AMER,Billable Expense,Ray Sang,
May-25,Chipmunk Robotics,CARDCHRG8574,DOC-427898,,Credit Card,Apex Systems,63000,63000 Marketing and Sales,9624,invoice for Meals,43500 Enterprise Sales - AMER,Billable Expense,Ray Sang,
May-25,Chipmunk Robotics,VENDBILL55079,DOC-679649,,Bill,Quantum Technologies,63000,63000 Marketing and Sales,8147,allocation of Office Supplies,40100 Sales Management,Office Expense,Ray Sang,
May-25,Chipmunk Robotics,VENDBILL55080,DOC-346055,,Bill,United Media,63000,63000 Marketing and Sales,8257,cost of Supplies,40100 Sales Management,Marketing Campaign,Ray Sang,
May-25,Chipmunk Robotics,CARDCHRG8577,DOC-170260,,Credit Card,Infinity Marketing,63000,63000 Marketing and Sales,2657,expense for Travel,42000 Channel Sales,Professional Services,Ray Sang,
May-25,Chipmunk Robotics,CARDCHRG8583,DOC-109906,,Credit Card,Infinity Partners,63000,63000 Marketing and Sales,4716,payment related to Client Entertainment,42000 Channel Sales,Research & Development,Ray Sang,
May-25,Chipmunk Robotics,CARDCHRG8591,DOC-627915,,Credit Card,Infinity Partners,63000,63000 Marketing and Sales,9638,settlement of Training,42000 Channel Sales,Training Program,Ray Sang,
May-25,Chipmunk Robotics,CARDCHRG8600,DOC-257195,,Credit Card,United Media,63000,63000 Marketing and Sales,3501,settlement of Travel,43500 Enterprise Sales - AMER,Travel & Lodging,Ray Sang,
May-25,Chipmunk Robotics,CARDCHRG8641,DOC-384777,,Credit Card,Quantum Technologies,63000,63000 Marketing and Sales,4029,payment related to Office Supplies,42000 Channel Sales,Professional Services,Ray Sang,
May-25,Chipmunk Robotics,CARDCHRG8648,DOC-335212,,Credit Card,Vertex Media,63000,63000 Marketing and Sales,4484,settlement of Office Supplies,43500 Enterprise Sales - AMER,IT & Software,Ray Sang,
May-25,Chipmunk Robotics,CARDCHRG8651,DOC-506985,,Credit Card,Quantum Resources,63000,63000 Marketing and Sales,3806,reimbursement for Office Supplies,43500 Enterprise Sales - AMER,Internal Project,Ray Sang,
May-25,Chipmunk Robotics,CARDCHRG8652,DOC-596056,,Credit Card,Prime Solutions,63000,63000 Marketing and Sales,2037,allocation of Sponsorship,43500 Enterprise Sales - AMER,Operational Expense,Ray Sang,
May-25,Chipmunk Robotics,CARDCHRG8656,DOC-325681,,Credit Card,Apex Group,63000,63000 Marketing and Sales,4887,purchase of Consulting,46300 Solution Engineering - AMER,Client Expense,Ray Sang,
May-25,Chipmunk Robotics,CARDCHRG8656,DOC-568947,,Credit Card,Vertex Consulting,63000,63000 Marketing and Sales,5628,expense for Sponsorship,46300 Solution Engineering - AMER,Operational Expense,Ray Sang,
May-25,Chipmunk Robotics,CARDCHRG8665,DOC-435616,,Credit Card,Pioneer Partners,63000,63000 Marketing and Sales,2774,reimbursement for Office Supplies,42000 Channel Sales,Professional Services,Ray Sang,
May-25,Chipmunk Robotics,CARDRFND217,DOC-327864,,CCard Refund,United Group,63000,63000 Marketing and Sales,9148,subscription to Subscriptions,43500 Enterprise Sales - AMER,Billable Expense,Ray Sang,
May-25,Chipmunk Robotics,VENDBILL55393,DOC-347415,,Bill,United Consulting,63000,63000 Marketing and Sales,1820,settlement of Travel,40100 Sales Management,Office Expense,Ray Sang,
May-25,Chipmunk Robotics,VENDBILL55393,DOC-964988,,Bill,Elite Systems,63000,63000 Marketing and Sales,8635,fee charged for Travel,40100 Sales Management,Research & Development,Ray Sang,
May-25,Chipmunk Robotics,VENDBILL55397,DOC-474966,,Bill,Pioneer Advisors,63000,63000 Marketing and Sales,2330,allocation of Office Supplies,40100 Sales Management,Internal Project,Ray Sang,
May-25,Chipmunk Robotics,CARDCHRG8705,DOC-616225,,Credit Card,Global Solutions,63000,63000 Marketing and Sales,1318,purchase of Office Supplies,42000 Channel Sales,Operational Expense,Ray Sang,
May-25,Chipmunk Robotics,CARDCHRG8708,DOC-267024,,Credit Card,United Consulting,63000,63000 Marketing and Sales,8601,cost of Campaign,43500 Enterprise Sales - AMER,Billable Expense,Ray Sang,
May-25,Chipmunk Robotics,CARDCHRG8735,DOC-171223,,Credit Card,Prime Group,63000,63000 Marketing and Sales,6880,subscription to Travel,43500 Enterprise Sales - AMER,IT & Software,Ray Sang,
May-25,Chipmunk Robotics,CARDCHRG8737,DOC-246503,,Credit Card,Quantum Systems,63000,63000 Marketing and Sales,4499,purchase of Advertising,43500 Enterprise Sales - AMER,Internal Project,Ray Sang,
May-25,Chipmunk Robotics,CARDCHRG8750,DOC-915216,,Credit Card,Dynamic Solutions,63000,63000 Marketing and Sales,6257,cost of Sponsorship,43600 Enterprise Sales - EMEA,Office Expense,Ray Sang,
May-25,Chipmunk Robotics,CARDCHRG8765,DOC-623154,,Credit Card,Infinity Resources,63000,63000 Marketing and Sales,5123,expense for Software,40100 Sales Management,Training Program,Ray Sang,
May-25,Chipmunk Robotics,CARDCHRG8767,DOC-355986,,Credit Card,Summit Group,63000,63000 Marketing and Sales,5083,expense for Sponsorship,40100 Sales Management,Internal Project,Ray Sang,
May-25,Chipmunk Robotics,CARDCHRG8769,DOC-274205,,Credit Card,Dynamic Resources,63000,63000 Marketing and Sales,5732,settlement of Client Entertainment,42000 Channel Sales,Client Expense,Ray Sang,
May-25,Chipmunk Robotics,CARDCHRG8771,DOC-413225,,Credit Card,Elite Marketing,63000,63000 Marketing and Sales,7596,invoice for Sponsorship,42000 Channel Sales,Operational Expense,Ray Sang,
May-25,Chipmunk Robotics,JOURNAL118184,DOC-125728,,Journal,NextGen Solutions,63000,63000 Marketing and Sales,1927,expense for Events,40100 Sales Management,Travel & Lodging,Ray Sang,No
May-25,Chipmunk Robotics,JOURNAL118842,DOC-618433,,Journal,Advanced Consulting,63000,63000 Marketing and Sales,3169,reimbursement for Software,,Professional Services,Ray Sang,No
Jun-25,Chipmunk Robotics,JOURNAL117704,DOC-536324,JE117703,Journal,Vertex Logistics,63000,63000 Marketing and Sales,2277,fee charged for Training,43500 Enterprise Sales - AMER,Operational Expense,Ray Sang,No
Jun-25,Chipmunk Robotics,JOURNAL117704,DOC-230475,JE117703,Journal,Apex Media,63000,63000 Marketing and Sales,4329,invoice for Meals,40100 Sales Management,Client Expense,Ray Sang,No
Jun-25,Chipmunk Robotics,JOURNAL117704,DOC-306295,JE117703,Journal,BlueSky Media,63000,63000 Marketing and Sales,2884,cost of Events,42000 Channel Sales,Research & Development,Ray Sang,No
Jun-25,Chipmunk Robotics,JOURNAL123604,DOC-446118,,Journal,Apex Consulting,63000,63000 Marketing and Sales,3236,fee charged for Events,43500 Enterprise Sales - AMER,Billable Expense,Ray Sang,No
Jun-25,Chipmunk Robotics,JOURNAL123604,DOC-629562,,Journal,Prime Solutions,63000,63000 Marketing and Sales,2239,expense for Office Supplies,42000 Channel Sales,Operational Expense,Ray Sang,No
Jun-25,Chipmunk Robotics,JOURNAL123604,DOC-976417,,Journal,Elite Group,63000,63000 Marketing and Sales,1683,settlement of Meals,43400 MSSP Sales,Operational Expense,Ray Sang,No
Jun-25,Chipmunk Robotics,JOURNAL118185,DOC-977094,JE118184,Journal,United Services,63000,63000 Marketing and Sales,3773,invoice for Consulting,40100 Sales Management,Office Expense,Ray Sang,No
Jun-25,Chipmunk Robotics,JOURNAL118185,DOC-350281,JE118184,Journal,Summit Consulting,63000,63000 Marketing and Sales,1566,settlement of Office Supplies,40100 Sales Management,Professional Services,Ray Sang,No
Jun-25,Chipmunk Robotics,JOURNAL118185,DOC-412432,JE118184,Journal,Vertex Partners,63000,63000 Marketing and Sales,3949,subscription to Events,40100 Sales Management,Research & Development,Ray Sang,No
Jun-25,Chipmunk Robotics,JOURNAL118185,DOC-116069,JE118184,Journal,United Logistics,63000,63000 Marketing and Sales,6853,reimbursement for Client Entertainment,40100 Sales Management,Operational Expense,Ray Sang,No
Jun-25,Chipmunk Robotics,JOURNAL124699,DOC-653927,,Journal,Prime Solutions,63000,63000 Marketing and Sales,9334,payment related to Sponsorship,40100 Sales Management,Office Expense,Ray Sang,No
Jun-25,Chipmunk Robotics,JOURNAL124699,DOC-415481,,Journal,BlueSky Advisors,63000,63000 Marketing and Sales,2059,payment related to Sponsorship,40100 Sales Management,Operational Expense,Ray Sang,No
Jun-25,Chipmunk Robotics,JOURNAL124709,DOC-509825,,Journal,Elite Media,63000,63000 Marketing and Sales,5496,expense for Events,40100 Sales Management,Client Expense,Ray Sang,No
Jun-25,Chipmunk Robotics,JOURNAL119143,DOC-149666,,Journal,Infinity Solutions,63000,63000 Marketing and Sales,7519,cost of Supplies,43500 Enterprise Sales - AMER,Operational Expense,Ray Sang,Yes
Jun-25,Chipmunk Robotics,JOURNAL118185,DOC-888134,JE118184,Journal,BlueSky Logistics,63000,63000 Marketing and Sales,1318,cost of Client Entertainment,13200 MDR,Research & Development,Ray Sang,No
Jun-25,Chipmunk Robotics,JOURNAL124699,DOC-539412,,Journal,Dynamic Technologies,63000,63000 Marketing and Sales,9986,allocation of Campaign,13200 MDR,Office Expense,Ray Sang,No
Jun-25,Chipmunk Robotics,JOURNAL124671,DOC-947873,,Journal,Prime Services,63000,63000 Marketing and Sales,3024,reimbursement for Events,,Marketing Campaign,Ray Sang,Yes
Jun-25,Chipmunk Robotics,JOURNAL118190,DOC-298667,JE118189,Journal,Pioneer Marketing,63000,63000 Marketing and Sales,6986,settlement of Sponsorship,40100 Sales Management,Client Expense,Ray Sang,No
Jun-25,Chipmunk Robotics,JOURNAL118185,DOC-189283,JE118184,Journal,Advanced Resources,63000,63000 Marketing and Sales,4593,expense for Travel,40100 Sales Management,Professional Services,Ray Sang,No
Jun-25,Chipmunk Robotics,JOURNAL124671,DOC-852687,,Journal,Summit Technologies,63000,63000 Marketing and Sales,3509,reimbursement for Travel,,Professional Services,Ray Sang,Yes
Jun-25,Chipmunk Robotics,JOURNAL118188,DOC-332067,JE118187,Journal,Summit Technologies,63000,63000 Marketing and Sales,1496,fee charged for Training,40100 Sales Management,Internal Project,Ray Sang,No
Jun-25,Chipmunk Robotics,JOURNAL124671,DOC-468861,,Journal,Summit Media,63000,63000 Marketing and Sales,9498,reimbursement for Advertising,,Internal Project,Ray Sang,Yes
Jun-25,Chipmunk Robotics,VENDBILL55593,DOC-351111,,Bill,Summit Partners,63000,63000 Marketing and Sales,1635,subscription to Office Supplies,40100 Sales Management,Office Expense,Ray Sang,
Jun-25,Chipmunk Robotics,CARDCHRG8780,DOC-820184,,Credit Card,United Group,63000,63000 Marketing and Sales,2602,cost of Client Entertainment,43500 Enterprise Sales - AMER,Travel & Lodging,Ray Sang,
Jun-25,Chipmunk Robotics,CARDCHRG8785,DOC-887460,,Credit Card,United Solutions,63000,63000 Marketing and Sales,4554,invoice for Consulting,43500 Enterprise Sales - AMER,Professional Services,Ray Sang,
Jun-25,Chipmunk Robotics,CARDCHRG8790,DOC-650655,,Credit Card,Global Partners,63000,63000 Marketing and Sales,9306,payment related to Campaign,51000 Facilities,Travel & Lodging,Ray Sang,
Jun-25,Chipmunk Robotics,CARDCHRG8795,DOC-856273,,Credit Card,Apex Systems,63000,63000 Marketing and Sales,5125,invoice for Recruitment,42000 Channel Sales,Research & Development,Ray Sang,
Jun-25,Chipmunk Robotics,CARDCHRG8801,DOC-838471,,Credit Card,NextGen Consulting,63000,63000 Marketing and Sales,9561,subscription to Recruitment,43600 Enterprise Sales - EMEA,IT & Software,Ray Sang,
Jun-25,Chipmunk Robotics,CARDCHRG8803,DOC-616915,,Credit Card,Quantum Logistics,63000,63000 Marketing and Sales,8538,expense for Consulting,42000 Channel Sales,Billable Expense,Ray Sang,
Jun-25,Chipmunk Robotics,CARDCHRG8805,DOC-730406,,Credit Card,Elite Partners,63000,63000 Marketing and Sales,4231,fee charged for Promotional Material,42000 Channel Sales,Client Expense,Ray Sang,
Jun-25,Chipmunk Robotics,CARDCHRG8813,DOC-126479,,Credit Card,Quantum Marketing,63000,63000 Marketing and Sales,3287,expense for Office Supplies,40100 Sales Management,Office Expense,Ray Sang,
Jun-25,Chipmunk Robotics,CARDCHRG8821,DOC-448011,,Credit Card,Apex Systems,63000,63000 Marketing and Sales,1510,allocation of Supplies,40100 Sales Management,Marketing Campaign,Ray Sang,
Jun-25,Chipmunk Robotics,CARDCHRG8846,DOC-279646,,Credit Card,Elite Logistics,63000,63000 Marketing and Sales,3277,allocation of Office Supplies,40100 Sales Management,Marketing Campaign,Ray Sang,
Jun-25,Chipmunk Robotics,CARDCHRG8867,DOC-287069,,Credit Card,Elite Systems,63000,63000 Marketing and Sales,6955,allocation of Meals,40100 Sales Management,IT & Software,Ray Sang,
Jun-25,Chipmunk Robotics,CARDCHRG8873,DOC-142438,,Credit Card,Elite Group,63000,63000 Marketing and Sales,3642,reimbursement for Travel,42000 Channel Sales,Research & Development,Ray Sang,
Jun-25,Chipmunk Robotics,CARDCHRG8882,DOC-247300,,Credit Card,Apex Media,63000,63000 Marketing and Sales,3369,subscription to Advertising,43600 Enterprise Sales - EMEA,Client Expense,Ray Sang,
Jun-25,Chipmunk Robotics,CARDCHRG8883,DOC-593995,,Credit Card,United Services,63000,63000 Marketing and Sales,9124,allocation of Supplies,42000 Channel Sales,Marketing Campaign,Ray Sang,
Jun-25,Chipmunk Robotics,CARDCHRG8887,DOC-916448,,Credit Card,Pioneer Solutions,63000,63000 Marketing and Sales,9567,subscription to Sponsorship,42000 Channel Sales,Marketing Campaign,Ray Sang,
Jun-25,Chipmunk Robotics,JOURNAL118185,DOC-744826,JE118184,Journal,Elite Resources,63000,63000 Marketing and Sales,5940,invoice for Subscriptions,40100 Sales Management,Travel & Lodging,Ray Sang,No
Jun-25,Chipmunk Robotics,CARDCHRG8924,DOC-764759,,Credit Card,Elite Services,63000,63000 Marketing and Sales,6625,fee charged for Advertising,43500 Enterprise Sales - AMER,Travel & Lodging,Ray Sang,
Jun-25,Chipmunk Robotics,CARDCHRG8925,DOC-626746,,Credit Card,Vertex Services,63000,63000 Marketing and Sales,5610,purchase of Subscriptions,43500 Enterprise Sales - AMER,IT & Software,Ray Sang,
Jun-25,Chipmunk Robotics,CARDCHRG8930,DOC-184276,,Credit Card,Dynamic Advisors,63000,63000 Marketing and Sales,1835,expense for Supplies,43600 Enterprise Sales - EMEA,Marketing Campaign,Ray Sang,
Jun-25,Chipmunk Robotics,CARDCHRG8931,DOC-684822,,Credit Card,Pioneer Solutions,63000,63000 Marketing and Sales,9855,reimbursement for Supplies,43500 Enterprise Sales - AMER,Billable Expense,Ray Sang,
Jun-25,Chipmunk Robotics,CARDCHRG8946,DOC-775611,,Credit Card,Elite Partners,63000,63000 Marketing and Sales,1095,expense for Client Entertainment,43500 Enterprise Sales - AMER,Office Expense,Ray Sang,
Jun-25,Chipmunk Robotics,CARDCHRG8948,DOC-862604,,Credit Card,Vertex Partners,63000,63000 Marketing and Sales,3714,purchase of Promotional Material,43500 Enterprise Sales - AMER,Office Expense,Ray Sang,
Jun-25,Chipmunk Robotics,VENDBILL55922,DOC-634636,,Bill,Pioneer Services,63000,63000 Marketing and Sales,5618,fee charged for Client Entertainment,40100 Sales Management,Internal Project,Ray Sang,
Jun-25,Chipmunk Robotics,CARDRFND221,DOC-343555,,CCard Refund,Pioneer Technologies,63000,63000 Marketing and Sales,9218,fee charged for Campaign,43600 Enterprise Sales - EMEA,Operational Expense,Ray Sang,
Jun-25,Chipmunk Robotics,CARDCHRG8979,DOC-867623,,Credit Card,United Resources,63000,63000 Marketing and Sales,2954,fee charged for Advertising,43500 Enterprise Sales - AMER,Office Expense,Ray Sang,
Jun-25,Chipmunk Robotics,CARDCHRG8994,DOC-699806,,Credit Card,Apex Solutions,63000,63000 Marketing and Sales,2439,reimbursement for Meals,43600 Enterprise Sales - EMEA,Research & Development,Ray Sang,
Jun-25,Chipmunk Robotics,CARDCHRG9008,DOC-444751,,Credit Card,Prime Systems,63000,63000 Marketing and Sales,3024,settlement of Software,40100 Sales Management,Marketing Campaign,Ray Sang,
Jun-25,Chipmunk Robotics,CARDCHRG9015,DOC-250683,,Credit Card,NextGen Group,63000,63000 Marketing and Sales,2190,purchase of Consulting,46300 Solution Engineering - AMER,Research & Development,Ray Sang,
Jun-25,Chipmunk Robotics,CARDCHRG9034,DOC-479162,,Credit Card,Dynamic Services,63000,63000 Marketing and Sales,7315,allocation of Travel,43500 Enterprise Sales - AMER,Travel & Lodging,Ray Sang,
Jun-25,Chipmunk Robotics,VENDBILL56151,DOC-159538,,Bill,Quantum Marketing,63000,63000 Marketing and Sales,7999,fee charged for Office Supplies,43600 Enterprise Sales - EMEA,Training Program,Ray Sang,
Jun-25,Chipmunk Robotics,VENDCRED2313,DOC-367466,,Bill Credit,Prime Marketing,63000,63000 Marketing and Sales,6179,fee charged for Promotional Material,40100 Sales Management,Operational Expense,Ray Sang,
Jun-25,Chipmunk Robotics,CARDCHRG9065,DOC-319447,,Credit Card,Pioneer Logistics,63000,63000 Marketing and Sales,6485,purchase of Training,43600 Enterprise Sales - EMEA,Training Program,Ray Sang,
Jun-25,Chipmunk Robotics,CARDCHRG9067,DOC-438845,,Credit Card,Quantum Resources,63000,63000 Marketing and Sales,8767,expense for Client Entertainment,42000 Channel Sales,Billable Expense,Ray Sang,
Jun-25,Chipmunk Robotics,VENDBILL56214,DOC-570137,,Bill,Advanced Logistics,63000,63000 Marketing and Sales,2350,invoice for Supplies,40100 Sales Management,Billable Expense,Ray Sang,
Jun-25,Chipmunk Robotics,CARDCHRG9103,DOC-840504,,Credit Card,Pioneer Partners,63000,63000 Marketing and Sales,6758,allocation of Meals,43500 Enterprise Sales - AMER,Marketing Campaign,Ray Sang,
Jun-25,Chipmunk Robotics,JOURNAL122045,DOC-391707,,Journal,United Technologies,63000,63000 Marketing and Sales,5966,subscription to Subscriptions,43600 Enterprise Sales - EMEA,Professional Services,Ray Sang,No
Jun-25,Chipmunk Robotics,CARDCHRG9139,DOC-824487,,Credit Card,NextGen Services,63000,63000 Marketing and Sales,6642,invoice for Training,43500 Enterprise Sales - AMER,Office Expense,Ray Sang,
Jun-25,Chipmunk Robotics,JOURNAL124904,DOC-904404,,Journal,Pioneer Solutions,63000,63000 Marketing and Sales,4096,payment related to Supplies,,Operational Expense,Ray Sang,No
Jul-25,Chipmunk Robotics,JOURNAL130905,DOC-188561,,Journal,Prime Logistics,63000,63000 Marketing and Sales,5003,cost of Subscriptions,,Travel & Lodging,Ray Sang,Yes
Jul-25,Chipmunk Robotics,JOURNAL123605,DOC-113308,JE123604,Journal,United Services,63000,63000 Marketing and Sales,5774,settlement of Subscriptions,43500 Enterprise Sales - AMER,Client Expense,Ray Sang,No
Jul-25,Chipmunk Robotics,JOURNAL123605,DOC-246889,JE123604,Journal,Quantum Partners,63000,63000 Marketing and Sales,8327,subscription to Software,42000 Channel Sales,Office Expense,Ray Sang,No
Jul-25,Chipmunk Robotics,JOURNAL123605,DOC-750151,JE123604,Journal,United Logistics,63000,63000 Marketing and Sales,9254,invoice for Client Entertainment,43400 MSSP Sales,IT & Software,Ray Sang,No
Jul-25,Chipmunk Robotics,JOURNAL129479,DOC-368357,,Journal,United Advisors,63000,63000 Marketing and Sales,6659,reimbursement for Campaign,42000 Channel Sales,Travel & Lodging,Ray Sang,No
Jul-25,Chipmunk Robotics,JOURNAL129479,DOC-700644,,Journal,Global Logistics,63000,63000 Marketing and Sales,4517,subscription to Meals,43400 MSSP Sales,Billable Expense,Ray Sang,No
Jul-25,Chipmunk Robotics,JOURNAL129479,DOC-613363,,Journal,Quantum Systems,63000,63000 Marketing and Sales,6246,payment related to Client Entertainment,43500 Enterprise Sales - AMER,Operational Expense,Ray Sang,No
Jul-25,Chipmunk Robotics,JOURNAL124700,DOC-244525,JE124699,Journal,Advanced Services,63000,63000 Marketing and Sales,6481,reimbursement for Subscriptions,40100 Sales Management,Professional Services,Ray Sang,No
Jul-25,Chipmunk Robotics,JOURNAL124700,DOC-389056,JE124699,Journal,Dynamic Consulting,63000,63000 Marketing and Sales,5694,invoice for Recruitment,40100 Sales Management,Training Program,Ray Sang,No
Jul-25,Chipmunk Robotics,JOURNAL124710,DOC-893786,JE124709,Journal,Quantum Marketing,63000,63000 Marketing and Sales,2587,fee charged for Supplies,40100 Sales Management,Research & Development,Ray Sang,No
Jul-25,Chipmunk Robotics,JOURNAL129483,DOC-844009,,Journal,Advanced Consulting,63000,63000 Marketing and Sales,3255,allocation of Training,40100 Sales Management,Client Expense,Ray Sang,No
Jul-25,Chipmunk Robotics,JOURNAL125783,DOC-228338,,Journal,BlueSky Technologies,63000,63000 Marketing and Sales,4304,settlement of Events,43500 Enterprise Sales - AMER,Marketing Campaign,Ray Sang,Yes
Jul-25,Chipmunk Robotics,JOURNAL124700,DOC-135523,JE124699,Journal,BlueSky Marketing,63000,63000 Marketing and Sales,4358,settlement of Training,13200 MDR,Billable Expense,Ray Sang,No
Jul-25,Chipmunk Robotics,JOURNAL130905,DOC-882496,,Journal,Vertex Solutions,63000,63000 Marketing and Sales,9207,reimbursement for Sponsorship,,Marketing Campaign,Ray Sang,Yes
Jul-25,Chipmunk Robotics,CUSTINVC106440,DOC-826744,,Invoice,United Group,63000,63000 Marketing and Sales,3173,fee charged for Training,,Office Expense,Ray Sang,
Jul-25,Chipmunk Robotics,JOURNAL130905,DOC-310276,,Journal,Global Systems,63000,63000 Marketing and Sales,9372,invoice for Training,,Professional Services,Ray Sang,Yes
Jul-25,Chipmunk Robotics,CARDCHRG9172,DOC-473211,,Credit Card,United Systems,63000,63000 Marketing and Sales,8568,subscription to Subscriptions,42000 Channel Sales,Office Expense,Ray Sang,
Jul-25,Chipmunk Robotics,CARDCHRG9200,DOC-675704,,Credit Card,Global Services,63000,63000 Marketing and Sales,2125,cost of Training,43500 Enterprise Sales - AMER,Travel & Lodging,Ray Sang,
Jul-25,Chipmunk Robotics,CARDCHRG9201,DOC-190465,,Credit Card,NextGen Marketing,63000,63000 Marketing and Sales,5415,expense for Travel,43400 MSSP Sales,IT & Software,Ray Sang,
Jul-25,Chipmunk Robotics,CARDCHRG9203,DOC-386536,,Credit Card,Prime Group,63000,63000 Marketing and Sales,5180,fee charged for Client Entertainment,43500 Enterprise Sales - AMER,Office Expense,Ray Sang,
Jul-25,Chipmunk Robotics,CARDCHRG9207,DOC-941681,,Credit Card,Summit Services,63000,63000 Marketing and Sales,8849,allocation of Client Entertainment,42000 Channel Sales,Billable Expense,Ray Sang,
Jul-25,Chipmunk Robotics,CARDCHRG9208,DOC-615664,,Credit Card,Global Marketing,63000,63000 Marketing and Sales,6156,payment related to Campaign,42000 Channel Sales,Billable Expense,Ray Sang,
Jul-25,Chipmunk Robotics,VENDBILL56426,DOC-127496,,Bill,BlueSky Consulting,63000,63000 Marketing and Sales,1381,fee charged for Travel,43700 Enterprise Sales - APJ,Training Program,Ray Sang,
Jul-25,Chipmunk Robotics,VENDBILL56426,DOC-350511,,Bill,Vertex Solutions,63000,63000 Marketing and Sales,4563,expense for Office Supplies,43700 Enterprise Sales - APJ,Client Expense,Ray Sang,
Jul-25,Chipmunk Robotics,VENDBILL56433,DOC-789563,,Bill,NextGen Marketing,63000,63000 Marketing and Sales,7815,settlement of Campaign,51000 Facilities,Travel & Lodging,Ray Sang,
Jul-25,Chipmunk Robotics,VENDBILL56538,DOC-567960,,Bill,Apex Solutions,63000,63000 Marketing and Sales,7890,expense for Advertising,13200 MDR,Internal Project,Ray Sang,
Jul-25,Chipmunk Robotics,CARDCHRG9249,DOC-450907,,Credit Card,Elite Services,63000,63000 Marketing and Sales,3961,fee charged for Software,43500 Enterprise Sales - AMER,Client Expense,Ray Sang,
Jul-25,Chipmunk Robotics,CARDCHRG9252,DOC-294868,,Credit Card,United Partners,63000,63000 Marketing and Sales,4610,fee charged for Events,43300 Cloud Sales,IT & Software,Ray Sang,
Jul-25,Chipmunk Robotics,CARDCHRG9291,DOC-418347,,Credit Card,Elite Services,63000,63000 Marketing and Sales,8829,invoice for Promotional Material,43500 Enterprise Sales - AMER,Client Expense,Ray Sang,
Jul-25,Chipmunk Robotics,CARDCHRG9314,DOC-800177,,Credit Card,NextGen Media,63000,63000 Marketing and Sales,6739,payment related to Client Entertainment,40100 Sales Management,Billable Expense,Ray Sang,
Jul-25,Chipmunk Robotics,CARDCHRG9337,DOC-197994,,Credit Card,Global Partners,63000,63000 Marketing and Sales,5072,payment related to Sponsorship,42000 Channel Sales,Professional Services,Ray Sang,
Jul-25,Chipmunk Robotics,CARDCHRG9362,DOC-872909,,Credit Card,Quantum Solutions,63000,63000 Marketing and Sales,6554,expense for Software,43500 Enterprise Sales - AMER,Internal Project,Ray Sang,
Jul-25,Chipmunk Robotics,CARDCHRG9366,DOC-839856,,Credit Card,Advanced Technologies,63000,63000 Marketing and Sales,8641,expense for Subscriptions,54000 People,Billable Expense,Ray Sang,
Jul-25,Chipmunk Robotics,CARDCHRG9367,DOC-720826,,Credit Card,Infinity Systems,63000,63000 Marketing and Sales,7905,subscription to Recruitment,40100 Sales Management,Client Expense,Ray Sang,
Jul-25,Chipmunk Robotics,CARDCHRG9384,DOC-451259,,Credit Card,Infinity Logistics,63000,63000 Marketing and Sales,2687,expense for Promotional Material,43500 Enterprise Sales - AMER,Operational Expense,Ray Sang,
Jul-25,Chipmunk Robotics,CARDCHRG9384,DOC-114244,,Credit Card,Global Services,63000,63000 Marketing and Sales,6417,cost of Supplies,43500 Enterprise Sales - AMER,Billable Expense,Ray Sang,
Jul-25,Chipmunk Robotics,CARDCHRG9392,DOC-555199,,Credit Card,Dynamic Marketing,63000,63000 Marketing and Sales,9497,allocation of Events,43500 Enterprise Sales - AMER,Travel & Lodging,Ray Sang,
Jul-25,Chipmunk Robotics,CARDCHRG9394,DOC-847458,,Credit Card,Vertex Services,63000,63000 Marketing and Sales,4333,cost of Client Entertainment,43500 Enterprise Sales - AMER,Research & Development,Ray Sang,
Jul-25,Chipmunk Robotics,CARDCHRG9397,DOC-957212,,Credit Card,Summit Resources,63000,63000 Marketing and Sales,6051,invoice for Advertising,43500 Enterprise Sales - AMER,Billable Expense,Ray Sang,
Jul-25,Chipmunk Robotics,CARDCHRG9397,DOC-811155,,Credit Card,Pioneer Group,63000,63000 Marketing and Sales,6039,payment related to Training,43500 Enterprise Sales - AMER,Billable Expense,Ray Sang,
Jul-25,Chipmunk Robotics,CARDCHRG9408,DOC-437823,,Credit Card,Pioneer Group,63000,63000 Marketing and Sales,4411,fee charged for Consulting,42000 Channel Sales,Professional Services,Ray Sang,
Jul-25,Chipmunk Robotics,CARDCHRG9412,DOC-933642,,Credit Card,BlueSky Technologies,63000,63000 Marketing and Sales,8069,purchase of Advertising,43600 Enterprise Sales - EMEA,Marketing Campaign,Ray Sang,
Jul-25,Chipmunk Robotics,CARDCHRG9425,DOC-240917,,Credit Card,Global Marketing,63000,63000 Marketing and Sales,6287,subscription to Training,42000 Channel Sales,Marketing Campaign,Ray Sang,
Jul-25,Chipmunk Robotics,CARDCHRG9427,DOC-467068,,Credit Card,Infinity Resources,63000,63000 Marketing and Sales,5400,settlement of Events,43500 Enterprise Sales - AMER,Professional Services,Ray Sang,
Jul-25,Chipmunk Robotics,JOURNAL125943,DOC-267163,,Journal,Prime Technologies,63000,63000 Marketing and Sales,4527,reimbursement for Client Entertainment,54000 People,Operational Expense,Ray Sang,No
Jul-25,Chipmunk Robotics,CARDCHRG9436,DOC-157004,,Credit Card,Prime Group,63000,63000 Marketing and Sales,5397,purchase of Campaign,46300 Solution Engineering - AMER,Internal Project,Ray Sang,
Jul-25,Chipmunk Robotics,CARDCHRG9437,DOC-283213,,Credit Card,United Resources,63000,63000 Marketing and Sales,2373,allocation of Office Supplies,43500 Enterprise Sales - AMER,Travel & Lodging,Ray Sang,
Jul-25,Chipmunk Robotics,CARDCHRG9441,DOC-789082,,Credit Card,NextGen Logistics,63000,63000 Marketing and Sales,8332,payment related to Advertising,42000 Channel Sales,Billable Expense,Ray Sang,
Jul-25,Chipmunk Robotics,CARDCHRG9454,DOC-832983,,Credit Card,Apex Group,63000,63000 Marketing and Sales,8007,expense for Software,43500 Enterprise Sales - AMER,Professional Services,Ray Sang,
Jul-25,Chipmunk Robotics,VENDBILL57021,DOC-440880,,Bill,Vertex Partners,63000,63000 Marketing and Sales,8421,invoice for Training,43600 Enterprise Sales - EMEA,Internal Project,Ray Sang,
Jul-25,Chipmunk Robotics,VENDBILL57021,DOC-227033,,Bill,Advanced Technologies,63000,63000 Marketing and Sales,6552,purchase of Consulting,43600 Enterprise Sales - EMEA,Client Expense,Ray Sang,
Jul-25,Chipmunk Robotics,VENDBILL57021,DOC-194719,,Bill,NextGen Advisors,63000,63000 Marketing and Sales,7185,payment related to Recruitment,43600 Enterprise Sales - EMEA,Professional Services,Ray Sang,
Jul-25,Chipmunk Robotics,CARDCHRG9459,DOC-651608,,Credit Card,Global Partners,63000,63000 Marketing and Sales,8113,purchase of Promotional Material,42000 Channel Sales,Research & Development,Ray Sang,
Jul-25,Chipmunk Robotics,CARDCHRG9464,DOC-629426,,Credit Card,Elite Solutions,63000,63000 Marketing and Sales,1736,cost of Supplies,42000 Channel Sales,Marketing Campaign,Ray Sang,
Jul-25,Chipmunk Robotics,CARDCHRG9478,DOC-712619,,Credit Card,Elite Services,63000,63000 Marketing and Sales,1457,fee charged for Office Supplies,42000 Channel Sales,Office Expense,Ray Sang,
Jul-25,Chipmunk Robotics,CARDCHRG9479,DOC-756366,,Credit Card,Advanced Solutions,63000,63000 Marketing and Sales,7337,settlement of Promotional Material,43500 Enterprise Sales - AMER,Operational Expense,Ray Sang,
Jul-25,Chipmunk Robotics,CARDCHRG9481,DOC-929266,,Credit Card,Global Logistics,63000,63000 Marketing and Sales,9579,subscription to Recruitment,42000 Channel Sales,IT & Software,Ray Sang,
Jul-25,Chipmunk Robotics,CARDCHRG9483,DOC-592486,,Credit Card,Global Media,63000,63000 Marketing and Sales,9169,expense for Sponsorship,42000 Channel Sales,Research & Development,Ray Sang,
Jul-25,Chipmunk Robotics,CARDCHRG9524,DOC-300870,,Credit Card,Advanced Logistics,63000,63000 Marketing and Sales,6931,allocation of Travel,43500 Enterprise Sales - AMER,Marketing Campaign,Ray Sang,
Jul-25,Chipmunk Robotics,CARDCHRG9526,DOC-253049,,Credit Card,Elite Solutions,63000,63000 Marketing and Sales,9138,subscription to Sponsorship,56000 Corporate Dev & Strategy,Internal Project,Ray Sang,
Jul-25,Chipmunk Robotics,CARDCHRG9541,DOC-542496,,Credit Card,BlueSky Resources,63000,63000 Marketing and Sales,4530,purchase of Sponsorship,42000 Channel Sales,Billable Expense,Ray Sang,
Jul-25,Chipmunk Robotics,CARDCHRG9546,DOC-877748,,Credit Card,Global Media,63000,63000 Marketing and Sales,2090,settlement of Supplies,43500 Enterprise Sales - AMER,IT & Software,Ray Sang,
Jul-25,Chipmunk Robotics,CARDCHRG9547,DOC-867285,,Credit Card,Prime Services,63000,63000 Marketing and Sales,4385,subscription to Travel,43500 Enterprise Sales - AMER,Research & Development,Ray Sang,
Jul-25,Chipmunk Robotics,CARDCHRG9548,DOC-838612,,Credit Card,Apex Marketing,63000,63000 Marketing and Sales,1329,expense for Promotional Material,43500 Enterprise Sales - AMER,Operational Expense,Ray Sang,
Jul-25,Chipmunk Robotics,CARDCHRG9549,DOC-153436,,Credit Card,Global Partners,63000,63000 Marketing and Sales,7505,subscription to Subscriptions,43500 Enterprise Sales - AMER,Internal Project,Ray Sang,
Jul-25,Chipmunk Robotics,VENDBILL57247,DOC-959550,,Bill,Global Group,63000,63000 Marketing and Sales,8238,settlement of Events,40100 Sales Management,Marketing Campaign,Ray Sang,
Jul-25,Chipmunk Robotics,VENDBILL57247,DOC-368224,,Bill,Advanced Media,63000,63000 Marketing and Sales,6121,payment related to Supplies,40100 Sales Management,IT & Software,Ray Sang,
Jul-25,Chipmunk Robotics,VENDBILL57254,DOC-488019,,Bill,NextGen Group,63000,63000 Marketing and Sales,7993,subscription to Training,40100 Sales Management,Travel & Lodging,Ray Sang,
Jul-25,Chipmunk Robotics,VENDBILL57254,DOC-734074,,Bill,United Logistics,63000,63000 Marketing and Sales,1501,fee charged for Office Supplies,40100 Sales Management,IT & Software,Ray Sang,
Jul-25,Chipmunk Robotics,CARDCHRG9583,DOC-316565,,Credit Card,Advanced Partners,63000,63000 Marketing and Sales,3790,expense for Campaign,43500 Enterprise Sales - AMER,Billable Expense,Ray Sang,
Jul-25,Chipmunk Robotics,CARDCHRG9584,DOC-509267,,Credit Card,United Partners,63000,63000 Marketing and Sales,9106,settlement of Sponsorship,43500 Enterprise Sales - AMER,Office Expense,Ray Sang,
Jul-25,Chipmunk Robotics,CARDCHRG9595,DOC-836164,,Credit Card,Pioneer Technologies,63000,63000 Marketing and Sales,2936,invoice for Software,43500 Enterprise Sales - AMER,Research & Development,Ray Sang,
Jul-25,Chipmunk Robotics,CARDCHRG9596,DOC-618983,,Credit Card,BlueSky Systems,63000,63000 Marketing and Sales,4959,cost of Training,43500 Enterprise Sales - AMER,Office Expense,Ray Sang,
Jul-25,Chipmunk Robotics,CARDCHRG9597,DOC-951708,,Credit Card,Prime Consulting,63000,63000 Marketing and Sales,6219,payment related to Office Supplies,42000 Channel Sales,Office Expense,Ray Sang,
Jul-25,Chipmunk Robotics,CARDCHRG9615,DOC-293269,,Credit Card,United Solutions,63000,63000 Marketing and Sales,7704,allocation of Client Entertainment,43500 Enterprise Sales - AMER,Training Program,Ray Sang,
Jul-25,Chipmunk Robotics,CARDCHRG9616,DOC-139739,,Credit Card,Quantum Consulting,63000,63000 Marketing and Sales,9295,subscription to Events,43500 Enterprise Sales - AMER,Office Expense,Ray Sang,
Jul-25,Chipmunk Robotics,CARDCHRG9618,DOC-634382,,Credit Card,United Systems,63000,63000 Marketing and Sales,3537,subscription to Subscriptions,43500 Enterprise Sales - AMER,Internal Project,Ray Sang,
Jul-25,Chipmunk Robotics,VENDBILL57317,DOC-939617,,Bill,Vertex Solutions,63000,63000 Marketing and Sales,4575,allocation of Office Supplies,42000 Channel Sales,IT & Software,Ray Sang,
Jul-25,Chipmunk Robotics,JOURNAL128540,DOC-888688,,Journal,Elite Media,63000,63000 Marketing and Sales,8718,fee charged for Sponsorship,40100 Sales Management,IT & Software,Ray Sang,No
Jul-25,Chipmunk Robotics,JOURNAL129471,DOC-117354,,Journal,Elite Systems,63000,63000 Marketing and Sales,8359,settlement of Recruitment,,Internal Project,Ray Sang,No
Jul-25,Chipmunk Robotics,JOURNAL129485,DOC-462552,,Journal,United Technologies,63000,63000 Marketing and Sales,4209,fee charged for Promotional Material,13200 MDR,Professional Services,Ray Sang,No
Jul-25,Chipmunk Robotics,JOURNAL129617,DOC-798054,,Journal,Quantum Resources,63000,63000 Marketing and Sales,7074,invoice for Office Supplies,43700 Enterprise Sales - APJ,Travel & Lodging,Ray Sang,No
Jul-25,Chipmunk Robotics,JOURNAL131457,DOC-592623,,Journal,United Advisors,63000,63000 Marketing and Sales,3579,invoice for Recruitment,,IT & Software,Ray Sang,No
Aug-25,Chipmunk Robotics,JOURNAL129480,DOC-553181,JE129479,Journal,Dynamic Group,63000,63000 Marketing and Sales,5743,subscription to Client Entertainment,42000 Channel Sales,Travel & Lodging,Ray Sang,No
Aug-25,Chipmunk Robotics,JOURNAL129480,DOC-749044,JE129479,Journal,Global Group,63000,63000 Marketing and Sales,7454,cost of Recruitment,43400 MSSP Sales,Research & Development,Ray Sang,No
Aug-25,Chipmunk Robotics,JOURNAL129480,DOC-625094,JE129479,Journal,Apex Media,63000,63000 Marketing and Sales,3794,cost of Training,43500 Enterprise Sales - AMER,Billable Expense,Ray Sang,No
Aug-25,Chipmunk Robotics,JOURNAL141114,DOC-715975,,Journal,Apex Logistics,63000,63000 Marketing and Sales,3026,reimbursement for Campaign,42200 Channel Sales - AMER,Client Expense,Ray Sang,No
Aug-25,Chipmunk Robotics,JOURNAL141114,DOC-670989,,Journal,Vertex Media,63000,63000 Marketing and Sales,1985,subscription to Promotional Material,43500 Enterprise Sales - AMER,IT & Software,Ray Sang,No
Aug-25,Chipmunk Robotics,JOURNAL141114,DOC-817264,,Journal,Dynamic Media,63000,63000 Marketing and Sales,6763,reimbursement for Sponsorship,44100 Unified Commercial - AMER,Professional Services,Ray Sang,No
Aug-25,Chipmunk Robotics,JOURNAL141114,DOC-952614,,Journal,NextGen Technologies,63000,63000 Marketing and Sales,8421,expense for Recruitment,43500 Enterprise Sales - AMER,Billable Expense,Ray Sang,No
Aug-25,Chipmunk Robotics,JOURNAL141114,DOC-262830,,Journal,Pioneer Logistics,63000,63000 Marketing and Sales,8388,expense for Travel,43500 Enterprise Sales - AMER,Operational Expense,Ray Sang,No
Aug-25,Chipmunk Robotics,JOURNAL141114,DOC-163411,,Journal,Pioneer Consulting,63000,63000 Marketing and Sales,6670,purchase of Recruitment,43500 Enterprise Sales - AMER,Training Program,Ray Sang,No
Aug-25,Chipmunk Robotics,JOURNAL141394,DOC-187467,,Journal,NextGen Advisors,63000,63000 Marketing and Sales,6003,reimbursement for Sponsorship,42000 Channel Sales,Office Expense,Ray Sang,No
Aug-25,Chipmunk Robotics,JOURNAL141394,DOC-765529,,Journal,Infinity Systems,63000,63000 Marketing and Sales,9438,purchase of Software,43500 Enterprise Sales - AMER,Billable Expense,Ray Sang,No
Aug-25,Chipmunk Robotics,JOURNAL129484,DOC-884298,JE129483,Journal,Infinity Marketing,63000,63000 Marketing and Sales,7832,expense for Meals,40100 Sales Management,Travel & Lodging,Ray Sang,No
Aug-25,Chipmunk Robotics,JOURNAL137240,DOC-735352,,Journal,Summit Consulting,63000,63000 Marketing and Sales,8451,invoice for Client Entertainment,43500 Enterprise Sales - AMER,Billable Expense,Ray Sang,Yes
Aug-25,Chipmunk Robotics,VENDBILL57357,DOC-839549,,Bill,Vertex Services,63000,63000 Marketing and Sales,3947,allocation of Consulting,40100 Sales Management,Operational Expense,Ray Sang,
Aug-25,Chipmunk Robotics,CARDCHRG9650,DOC-807940,,Credit Card,Vertex Consulting,63000,63000 Marketing and Sales,4880,allocation of Travel,43400 MSSP Sales,Travel & Lodging,Ray Sang,
Aug-25,Chipmunk Robotics,CARDCHRG9652,DOC-902133,,Credit Card,Quantum Resources,63000,63000 Marketing and Sales,2132,cost of Office Supplies,43400 MSSP Sales,Marketing Campaign,Ray Sang,
Aug-25,Chipmunk Robotics,CARDCHRG9659,DOC-769286,,Credit Card,Advanced Solutions,63000,63000 Marketing and Sales,4845,payment related to Travel,43500 Enterprise Sales - AMER,Billable Expense,Ray Sang,
Aug-25,Chipmunk Robotics,CARDCHRG9666,DOC-415576,,Credit Card,Pioneer Resources,63000,63000 Marketing and Sales,1367,reimbursement for Office Supplies,43500 Enterprise Sales - AMER,Office Expense,Ray Sang,
Aug-25,Chipmunk Robotics,CARDCHRG9688,DOC-427017,,Credit Card,BlueSky Media,63000,63000 Marketing and Sales,6194,subscription to Office Supplies,43500 Enterprise Sales - AMER,Internal Project,Ray Sang,
Aug-25,Chipmunk Robotics,JOURNAL129486,DOC-930023,JE129485,Journal,Elite Consulting,63000,63000 Marketing and Sales,8438,reimbursement for Software,13200 MDR,Training Program,Ray Sang,No
Aug-25,Chipmunk Robotics,CARDRFND234,DOC-695894,,CCard Refund,United Media,63000,63000 Marketing and Sales,7667,purchase of Client Entertainment,46300 Solution Engineering - AMER,Internal Project,Ray Sang,
Aug-25,Chipmunk Robotics,CARDRFND234,DOC-542818,,CCard Refund,Pioneer Partners,63000,63000 Marketing and Sales,7277,payment related to Events,46300 Solution Engineering - AMER,Client Expense,Ray Sang,
Aug-25,Chipmunk Robotics,CARDCHRG9757,DOC-280250,,Credit Card,Global Services,63000,63000 Marketing and Sales,1434,payment related to Subscriptions,43500 Enterprise Sales - AMER,Training Program,Ray Sang,
Aug-25,Chipmunk Robotics,CARDCHRG9765,DOC-350949,,Credit Card,NextGen Consulting,63000,63000 Marketing and Sales,5721,fee charged for Travel,43500 Enterprise Sales - AMER,IT & Software,Ray Sang,
Aug-25,Chipmunk Robotics,CARDCHRG9779,DOC-340331,,Credit Card,Pioneer Logistics,63000,63000 Marketing and Sales,1114,subscription to Recruitment,43500 Enterprise Sales - AMER,Operational Expense,Ray Sang,
Aug-25,Chipmunk Robotics,CARDCHRG9797,DOC-519686,,Credit Card,Infinity Consulting,63000,63000 Marketing and Sales,6473,expense for Advertising,43500 Enterprise Sales - AMER,Client Expense,Ray Sang,
Aug-25,Chipmunk Robotics,CARDCHRG9811,DOC-295244,,Credit Card,Dynamic Systems,63000,63000 Marketing and Sales,2987,fee charged for Client Entertainment,43500 Enterprise Sales - AMER,Research & Development,Ray Sang,
Aug-25,Chipmunk Robotics,CARDCHRG9812,DOC-443681,,Credit Card,Prime Marketing,63000,63000 Marketing and Sales,5350,fee charged for Client Entertainment,43500 Enterprise Sales - AMER,Operational Expense,Ray Sang,
Aug-25,Chipmunk Robotics,CARDCHRG9813,DOC-908910,,Credit Card,Advanced Group,63000,63000 Marketing and Sales,8376,settlement of Office Supplies,43500 Enterprise Sales - AMER,Operational Expense,Ray Sang,
Aug-25,Chipmunk Robotics,CARDCHRG9814,DOC-236144,,Credit Card,Prime Systems,63000,63000 Marketing and Sales,3720,allocation of Training,43500 Enterprise Sales - AMER,IT & Software,Ray Sang,
Aug-25,Chipmunk Robotics,CARDCHRG9820,DOC-873143,,Credit Card,Quantum Group,63000,63000 Marketing and Sales,1930,subscription to Advertising,43500 Enterprise Sales - AMER,Client Expense,Ray Sang,
Aug-25,Chipmunk Robotics,CARDCHRG9833,DOC-105002,,Credit Card,Vertex Services,63000,63000 Marketing and Sales,7897,allocation of Sponsorship,43500 Enterprise Sales - AMER,Office Expense,Ray Sang,
Aug-25,Chipmunk Robotics,CARDCHRG9846,DOC-875373,,Credit Card,Infinity Partners,63000,63000 Marketing and Sales,2648,payment related to Consulting,42200 Channel Sales - AMER,Training Program,Ray Sang,
Aug-25,Chipmunk Robotics,CARDCHRG9863,DOC-226879,,Credit Card,Dynamic Solutions,63000,63000 Marketing and Sales,4562,invoice for Campaign,43500 Enterprise Sales - AMER,Travel & Lodging,Ray Sang,
Aug-25,Chipmunk Robotics,CARDCHRG9867,DOC-703049,,Credit Card,Pioneer Resources,63000,63000 Marketing and Sales,5398,settlement of Subscriptions,42200 Channel Sales - AMER,Training Program,Ray Sang,
Aug-25,Chipmunk Robotics,CARDCHRG9885,DOC-364885,,Credit Card,Prime Advisors,63000,63000 Marketing and Sales,5438,expense for Promotional Material,46300 Solution Engineering - AMER,Operational Expense,Ray Sang,
Aug-25,Chipmunk Robotics,CARDRFND235,DOC-850410,,CCard Refund,NextGen Group,63000,63000 Marketing and Sales,7779,subscription to Sponsorship,42200 Channel Sales - AMER,Professional Services,Ray Sang,
Aug-25,Chipmunk Robotics,CARDCHRG9920,DOC-326583,,Credit Card,Quantum Group,63000,63000 Marketing and Sales,2404,cost of Advertising,43500 Enterprise Sales - AMER,Client Expense,Ray Sang,
Aug-25,Chipmunk Robotics,CARDCHRG9947,DOC-729689,,Credit Card,Apex Services,63000,63000 Marketing and Sales,5764,payment related to Supplies,46300 Solution Engineering - AMER,Research & Development,Ray Sang,
Aug-25,Chipmunk Robotics,CARDCHRG9948,DOC-592340,,Credit Card,Quantum Services,63000,63000 Marketing and Sales,6958,payment related to Client Entertainment,43500 Enterprise Sales - AMER,Operational Expense,Ray Sang,
Aug-25,Chipmunk Robotics,CARDCHRG9949,DOC-652340,,Credit Card,Elite Group,63000,63000 Marketing and Sales,7030,expense for Events,43500 Enterprise Sales - AMER,Travel & Lodging,Ray Sang,
Aug-25,Chipmunk Robotics,CARDCHRG9961,DOC-290480,,Credit Card,Dynamic Marketing,63000,63000 Marketing and Sales,7373,cost of Office Supplies,46300 Solution Engineering - AMER,IT & Software,Ray Sang,
Aug-25,Chipmunk Robotics,CARDCHRG9981,DOC-551323,,Credit Card,Apex Consulting,63000,63000 Marketing and Sales,8690,reimbursement for Training,43500 Enterprise Sales - AMER,Internal Project,Ray Sang,
Aug-25,Chipmunk Robotics,CARDCHRG9988,DOC-278200,,Credit Card,BlueSky Group,63000,63000 Marketing and Sales,7961,cost of Sponsorship,43500 Enterprise Sales - AMER,Research & Development,Ray Sang,
Aug-25,Chipmunk Robotics,CARDCHRG10005,DOC-374339,,Credit Card,Infinity Advisors,63000,63000 Marketing and Sales,3685,reimbursement for Training,44100 Unified Commercial - AMER,Operational Expense,Ray Sang,
Aug-25,Chipmunk Robotics,CARDCHRG10011,DOC-525966,,Credit Card,Dynamic Partners,63000,63000 Marketing and Sales,7875,fee charged for Recruitment,40100 Sales Management,Professional Services,Ray Sang,
Aug-25,Chipmunk Robotics,CARDCHRG10016,DOC-160914,,Credit Card,Apex Services,63000,63000 Marketing and Sales,3631,purchase of Recruitment,42200 Channel Sales - AMER,Operational Expense,Ray Sang,
Aug-25,Chipmunk Robotics,CARDCHRG10021,DOC-266828,,Credit Card,Pioneer Consulting,63000,63000 Marketing and Sales,4534,subscription to Meals,46300 Solution Engineering - AMER,Training Program,Ray Sang,
Aug-25,Chipmunk Robotics,CARDCHRG10033,DOC-989561,,Credit Card,Global Technologies,63000,63000 Marketing and Sales,6420,allocation of Client Entertainment,43500 Enterprise Sales - AMER,Operational Expense,Ray Sang,
Aug-25,Chipmunk Robotics,CARDCHRG10034,DOC-104543,,Credit Card,Dynamic Media,63000,63000 Marketing and Sales,3527,cost of Office Supplies,43500 Enterprise Sales - AMER,IT & Software,Ray Sang,
Aug-25,Chipmunk Robotics,CARDCHRG10038,DOC-360285,,Credit Card,United Systems,63000,63000 Marketing and Sales,3029,invoice for Consulting,43500 Enterprise Sales - AMER,Travel & Lodging,Ray Sang,
Aug-25,Chipmunk Robotics,CARDCHRG10052,DOC-362467,,Credit Card,Summit Technologies,63000,63000 Marketing and Sales,6799,settlement of Travel,11200 PinnacleOne,Professional Services,Ray Sang,
Aug-25,Chipmunk Robotics,CARDCHRG10059,DOC-649107,,Credit Card,NextGen Partners,63000,63000 Marketing and Sales,7839,settlement of Events,43500 Enterprise Sales - AMER,Billable Expense,Ray Sang,
Aug-25,Chipmunk Robotics,CARDRFND242,DOC-348677,,CCard Refund,Infinity Partners,63000,63000 Marketing and Sales,3100,reimbursement for Client Entertainment,43500 Enterprise Sales - AMER,Training Program,Ray Sang,
Aug-25,Chipmunk Robotics,CARDCHRG10085,DOC-589813,,Credit Card,Infinity Systems,63000,63000 Marketing and Sales,7087,expense for Events,43500 Enterprise Sales - AMER,Operational Expense,Ray Sang,
Aug-25,Chipmunk Robotics,JOURNAL137245,DOC-911929,,Journal,Quantum Technologies,63000,63000 Marketing and Sales,3523,settlement of Promotional Material,54000 People,Professional Services,Ray Sang,Yes
Aug-25,Chipmunk Robotics,CARDCHRG10167,DOC-835524,,Credit Card,BlueSky Services,63000,63000 Marketing and Sales,8947,subscription to Recruitment,43500 Enterprise Sales - AMER,IT & Software,Ray Sang,
Aug-25,Chipmunk Robotics,JOURNAL140833,DOC-682077,,Journal,BlueSky Consulting,63000,63000 Marketing and Sales,5474,invoice for Office Supplies,13200 MDR,Travel & Lodging,Ray Sang,No
Sep-25,Chipmunk Robotics,JOURNAL141115,DOC-158228,JE141114,Journal,Prime Services,63000,63000 Marketing and Sales,9667,settlement of Promotional Material,42200 Channel Sales - AMER,Training Program,Ray Sang,No
Sep-25,Chipmunk Robotics,JOURNAL141115,DOC-647335,JE141114,Journal,NextGen Partners,63000,63000 Marketing and Sales,1711,fee charged for Supplies,43500 Enterprise Sales - AMER,Research & Development,Ray Sang,No
Sep-25,Chipmunk Robotics,JOURNAL141115,DOC-349509,JE141114,Journal,Vertex Marketing,63000,63000 Marketing and Sales,8245,subscription to Travel,44100 Unified Commercial - AMER,Operational Expense,Ray Sang,No
Sep-25,Chipmunk Robotics,JOURNAL141115,DOC-769131,JE141114,Journal,NextGen Systems,63000,63000 Marketing and Sales,7759,reimbursement for Travel,43500 Enterprise Sales - AMER,Professional Services,Ray Sang,No
Sep-25,Chipmunk Robotics,JOURNAL141115,DOC-614445,JE141114,Journal,Dynamic Group,63000,63000 Marketing and Sales,5045,settlement of Events,43500 Enterprise Sales - AMER,IT & Software,Ray Sang,No
Sep-25,Chipmunk Robotics,JOURNAL141115,DOC-943743,JE141114,Journal,Vertex Partners,63000,63000 Marketing and Sales,5967,invoice for Meals,43500 Enterprise Sales - AMER,Training Program,Ray Sang,No
Sep-25,Chipmunk Robotics,JOURNAL145642,DOC-641764,,Journal,Global Group,63000,63000 Marketing and Sales,9521,purchase of Subscriptions,42000 Channel Sales,Operational Expense,Ray Sang,No
Sep-25,Chipmunk Robotics,JOURNAL145642,DOC-466665,,Journal,Infinity Resources,63000,63000 Marketing and Sales,9029,payment related to Advertising,43500 Enterprise Sales - AMER,Billable Expense,Ray Sang,No
Sep-25,Chipmunk Robotics,JOURNAL144883,DOC-556630,,Journal,BlueSky Media,63000,63000 Marketing and Sales,7708,allocation of Supplies,43500 Enterprise Sales - AMER,Training Program,Ray Sang,Yes
Sep-25,Chipmunk Robotics,CARDCHRG10177,DOC-852223,,Credit Card,Quantum Technologies,63000,63000 Marketing and Sales,3534,fee charged for Campaign,44100 Unified Commercial - AMER,Marketing Campaign,Ray Sang,
Sep-25,Chipmunk Robotics,CARDCHRG10178,DOC-554810,,Credit Card,Advanced Systems,63000,63000 Marketing and Sales,4776,allocation of Promotional Material,42200 Channel Sales - AMER,Operational Expense,Ray Sang,
Sep-25,Chipmunk Robotics,CARDCHRG10204,DOC-859981,,Credit Card,Summit Technologies,63000,63000 Marketing and Sales,8173,payment related to Subscriptions,43500 Enterprise Sales - AMER,Training Program,Ray Sang,
Sep-25,Chipmunk Robotics,CARDCHRG10205,DOC-938927,,Credit Card,Infinity Solutions,63000,63000 Marketing and Sales,7631,invoice for Meals,43500 Enterprise Sales - AMER,Travel & Lodging,Ray Sang,
Sep-25,Chipmunk Robotics,JOURNAL140834,DOC-897692,JE140833,Journal,Summit Group,63000,63000 Marketing and Sales,6000,purchase of Software,13200 MDR,Research & Development,Ray Sang,No
Sep-25,Chipmunk Robotics,CARDCHRG10272,DOC-905128,,Credit Card,Infinity Systems,63000,63000 Marketing and Sales,4350,settlement of Sponsorship,43500 Enterprise Sales - AMER,IT & Software,Ray Sang,
Sep-25,Chipmunk Robotics,CARDCHRG10282,DOC-945979,,Credit Card,Quantum Resources,63000,63000 Marketing and Sales,9417,settlement of Meals,43500 Enterprise Sales - AMER,Internal Project,Ray Sang,
Sep-25,Chipmunk Robotics,CARDCHRG10301,DOC-772798,,Credit Card,Elite Consulting,63000,63000 Marketing and Sales,8732,fee charged for Client Entertainment,43600 Enterprise Sales - EMEA,Client Expense,Ray Sang,
Sep-25,Chipmunk Robotics,CARDCHRG10342,DOC-295270,,Credit Card,Advanced Marketing,63000,63000 Marketing and Sales,8604,purchase of Training,40100 Sales Management,Travel & Lodging,Ray Sang,
Sep-25,Chipmunk Robotics,CARDCHRG10345,DOC-951276,,Credit Card,Summit Technologies,63000,63000 Marketing and Sales,2007,reimbursement for Advertising,43500 Enterprise Sales - AMER,Internal Project,Ray Sang,
Sep-25,Chipmunk Robotics,CARDCHRG10346,DOC-545544,,Credit Card,Pioneer Consulting,63000,63000 Marketing and Sales,7136,payment related to Supplies,43500 Enterprise Sales - AMER,Professional Services,Ray Sang,
Sep-25,Chipmunk Robotics,CARDCHRG10348,DOC-630243,,Credit Card,Quantum Group,63000,63000 Marketing and Sales,3638,settlement of Sponsorship,43500 Enterprise Sales - AMER,Professional Services,Ray Sang,
Sep-25,Chipmunk Robotics,CARDCHRG10353,DOC-647834,,Credit Card,Prime Marketing,63000,63000 Marketing and Sales,2898,settlement of Sponsorship,43500 Enterprise Sales - AMER,Marketing Campaign,Ray Sang,
Sep-25,Chipmunk Robotics,CARDCHRG10371,DOC-538688,,Credit Card,Advanced Resources,63000,63000 Marketing and Sales,4777,subscription to Client Entertainment,43600 Enterprise Sales - EMEA,Office Expense,Ray Sang,
Sep-25,Chipmunk Robotics,CARDCHRG10379,DOC-738681,,Credit Card,Advanced Advisors,63000,63000 Marketing and Sales,7017,expense for Recruitment,43500 Enterprise Sales - AMER,Travel & Lodging,Ray Sang,
Sep-25,Chipmunk Robotics,CARDCHRG10380,DOC-632307,,Credit Card,BlueSky Services,63000,63000 Marketing and Sales,2143,invoice for Office Supplies,43500 Enterprise Sales - AMER,Professional Services,Ray Sang,
Sep-25,Chipmunk Robotics,CARDCHRG10385,DOC-738339,,Credit Card,Advanced Media,63000,63000 Marketing and Sales,4162,fee charged for Sponsorship,43500 Enterprise Sales - AMER,Travel & Lodging,Ray Sang,
Sep-25,Chipmunk Robotics,CARDCHRG10392,DOC-225049,,Credit Card,Apex Advisors,63000,63000 Marketing and Sales,7464,allocation of Travel,43600 Enterprise Sales - EMEA,Billable Expense,Ray Sang,
Sep-25,Chipmunk Robotics,CARDCHRG10402,DOC-111689,,Credit Card,Global Advisors,63000,63000 Marketing and Sales,6041,settlement of Events,43500 Enterprise Sales - AMER,Office Expense,Ray Sang,
Sep-25,Chipmunk Robotics,CARDRFND249,DOC-323105,,CCard Refund,Dynamic Resources,63000,63000 Marketing and Sales,6233,cost of Sponsorship,42200 Channel Sales - AMER,Travel & Lodging,Ray Sang,
Sep-25,Chipmunk Robotics,CARDCHRG10417,DOC-368770,,Credit Card,Quantum Services,63000,63000 Marketing and Sales,4864,allocation of Advertising,43500 Enterprise Sales - AMER,Internal Project,Ray Sang,
Sep-25,Chipmunk Robotics,CARDCHRG10447,DOC-804861,,Credit Card,Pioneer Resources,63000,63000 Marketing and Sales,6633,cost of Meals,43400 MSSP Sales,IT & Software,Ray Sang,
Sep-25,Chipmunk Robotics,CARDCHRG10456,DOC-759690,,Credit Card,Pioneer Media,63000,63000 Marketing and Sales,5036,invoice for Subscriptions,43500 Enterprise Sales - AMER,Marketing Campaign,Ray Sang,
Sep-25,Chipmunk Robotics,CARDCHRG10458,DOC-228121,,Credit Card,Quantum Group,63000,63000 Marketing and Sales,1614,payment related to Recruitment,43500 Enterprise Sales - AMER,Training Program,Ray Sang,
Sep-25,Chipmunk Robotics,CARDCHRG10462,DOC-929326,,Credit Card,Elite Logistics,63000,63000 Marketing and Sales,5329,allocation of Travel,43500 Enterprise Sales - AMER,Billable Expense,Ray Sang,
Sep-25,Chipmunk Robotics,CARDCHRG10465,DOC-638852,,Credit Card,Prime Media,63000,63000 Marketing and Sales,7577,cost of Office Supplies,43500 Enterprise Sales - AMER,Travel & Lodging,Ray Sang,
Sep-25,Chipmunk Robotics,CARDCHRG10469,DOC-597382,,Credit Card,Elite Consulting,63000,63000 Marketing and Sales,5889,fee charged for Sponsorship,43500 Enterprise Sales - AMER,Internal Project,Ray Sang,
Sep-25,Chipmunk Robotics,CARDCHRG10475,DOC-682686,,Credit Card,Summit Marketing,63000,63000 Marketing and Sales,7230,fee charged for Meals,43500 Enterprise Sales - AMER,Internal Project,Ray Sang,
Sep-25,Chipmunk Robotics,CARDCHRG10511,DOC-231716,,Credit Card,BlueSky Advisors,63000,63000 Marketing and Sales,8304,subscription to Advertising,43500 Enterprise Sales - AMER,Professional Services,Ray Sang,
Sep-25,Chipmunk Robotics,CARDCHRG10513,DOC-744574,,Credit Card,Apex Systems,63000,63000 Marketing and Sales,2188,cost of Office Supplies,43500 Enterprise Sales - AMER,Travel & Lodging,Ray Sang,
Sep-25,Chipmunk Robotics,CARDCHRG10535,DOC-843552,,Credit Card,United Technologies,63000,63000 Marketing and Sales,6864,expense for Recruitment,43500 Enterprise Sales - AMER,Operational Expense,Ray Sang,
Sep-25,Chipmunk Robotics,CARDCHRG10536,DOC-886482,,Credit Card,Advanced Solutions,63000,63000 Marketing and Sales,8323,allocation of Consulting,43500 Enterprise Sales - AMER,Research & Development,Ray Sang,
Sep-25,Chipmunk Robotics,CARDCHRG10537,DOC-547439,,Credit Card,BlueSky Group,63000,63000 Marketing and Sales,5262,fee charged for Campaign,43500 Enterprise Sales - AMER,Research & Development,Ray Sang,
Sep-25,Chipmunk Robotics,CARDCHRG10538,DOC-339246,,Credit Card,United Advisors,63000,63000 Marketing and Sales,6654,payment related to Travel,43500 Enterprise Sales - AMER,Client Expense,Ray Sang,
Sep-25,Chipmunk Robotics,CARDCHRG10540,DOC-447901,,Credit Card,BlueSky Consulting,63000,63000 Marketing and Sales,8374,invoice for Supplies,43500 Enterprise Sales - AMER,IT & Software,Ray Sang,
Sep-25,Chipmunk Robotics,CARDCHRG10542,DOC-876025,,Credit Card,NextGen Marketing,63000,63000 Marketing and Sales,6317,settlement of Client Entertainment,43500 Enterprise Sales - AMER,Research & Development,Ray Sang,
Sep-25,Chipmunk Robotics,JOURNAL147819,DOC-888514,,Journal,United Consulting,63000,63000 Marketing and Sales,3119,cost of Events,43600 Enterprise Sales - EMEA,IT & Software,Ray Sang,No
Sep-25,Chipmunk Robotics,JOURNAL147819,DOC-252928,,Journal,Global Logistics,63000,63000 Marketing and Sales,2446,fee charged for Software,51000 Facilities,Operational Expense,Ray Sang,No
Sep-25,Chipmunk Robotics,CARDCHRG10556,DOC-593553,,Credit Card,NextGen Consulting,63000,63000 Marketing and Sales,5928,fee charged for Software,43400 MSSP Sales,Training Program,Ray Sang,
Sep-25,Chipmunk Robotics,CARDCHRG10576,DOC-779797,,Credit Card,Infinity Advisors,63000,63000 Marketing and Sales,3681,fee charged for Consulting,43400 MSSP Sales,Billable Expense,Ray Sang,
